run_id,n_systems,binary_system_fraction,n_stars,n_binaries,profile,mcluster_S,half_mass_radius_pc,imf_alpha_low,imf_alpha_high,seed,galactic_tide,priority,status
mb_train_0000_s40001,1513,0.8722,2833,1320,2,0.2569,4.1641,0.9508,1.2120,40001,true,1,ready
mb_train_0000_s90002,1513,0.8722,2833,1320,2,0.2569,4.1641,0.9508,1.2120,90002,true,1,ready
mb_train_0000_s90003,1513,0.8722,2833,1320,2,0.2569,4.1641,0.9508,1.2120,90003,true,1,ready
mb_train_0000_s90004,1513,0.8722,2833,1320,2,0.2569,4.1641,0.9508,1.2120,90004,true,1,ready
mb_train_0000_s90005,1513,0.8722,2833,1320,2,0.2569,4.1641,0.9508,1.2120,90005,true,1,ready
mb_train_0001_s40002,1661,0.4673,2437,776,2,0.1804,3.6217,1.0842,2.4238,40002,true,1,ready
mb_train_0002_s40003,1202,0.8976,2281,1079,2,0.3988,4.4698,1.9250,3.2441,40003,true,1,ready
mb_train_0003_s40004,1424,0.9072,2716,1292,2,0.3424,3.5655,1.3973,1.4141,40004,true,1,ready
mb_train_0004_s40005,1235,0.7892,2210,975,2,0.3077,3.8433,1.7302,3.4201,40005,true,1,ready
mb_train_0005_s40006,1338,0.5096,2020,682,2,0.0347,4.1592,0.5417,2.7226,40006,true,1,ready
mb_train_0006_s40007,1692,0.9394,3281,1589,2,0.3444,4.0645,1.5206,3.3654,40007,true,1,ready
mb_train_0007_s40008,1546,0.7719,2739,1193,2,0.4630,4.0741,1.4060,2.5874,40008,true,1,ready
mb_train_0008_s40009,1511,0.4397,2175,664,2,0.4445,3.1171,1.2430,1.8782,40009,true,1,ready
mb_train_0009_s40010,1600,0.3780,2205,605,2,0.3287,2.9795,1.1611,2.1085,40010,true,1,ready
mb_train_0010_s40011,1556,0.8584,2892,1336,2,0.4984,3.2832,0.9791,2.4831,40011,true,1,ready
mb_train_0011_s40012,1651,0.3104,2163,512,2,0.3885,2.7332,1.1207,1.1774,40012,true,1,ready
mb_train_0012_s40013,1595,0.4197,2264,669,2,0.1563,2.6244,1.9939,1.9985,40013,true,1,ready
mb_train_0013_s40014,1612,0.3997,2256,644,2,0.1233,4.3972,1.7672,3.2248,40014,true,1,ready
mb_train_0014_s40015,1591,0.4346,2282,691,2,0.1357,3.7804,0.6424,1.0702,40015,true,1,ready
mb_train_0015_s40016,1633,0.8700,3054,1421,2,0.3101,2.4836,1.9717,3.0484,40016,true,1,ready
mb_train_0016_s40017,1472,0.9019,2800,1328,2,0.2809,2.6996,0.8853,2.1202,40017,true,1,ready
mb_train_0017_s40018,1625,0.3608,2211,586,2,0.4686,2.8397,0.7770,1.7406,40018,true,1,ready
mb_train_0018_s40019,1375,0.6612,2284,909,2,0.0749,2.4056,0.8200,3.0647,40019,true,1,ready
mb_train_0018_s90182,1375,0.6612,2284,909,2,0.0749,2.4056,0.8200,3.0647,90182,true,1,ready
mb_train_0018_s90183,1375,0.6612,2284,909,2,0.0749,2.4056,0.8200,3.0647,90183,true,1,ready
mb_train_0018_s90184,1375,0.6612,2284,909,2,0.0749,2.4056,0.8200,3.0647,90184,true,1,ready
mb_train_0018_s90185,1375,0.6612,2284,909,2,0.0749,2.4056,0.8200,3.0647,90185,true,1,ready
mb_train_0019_s40020,1529,0.7480,2673,1144,2,0.4727,3.3847,0.4371,3.4125,40020,true,1,ready
mb_train_0020_s40021,1468,0.3058,1917,449,2,0.1193,2.4550,0.7093,3.4587,40021,true,1,ready
mb_train_0021_s40022,1572,0.4835,2332,760,2,0.2688,3.4299,1.1753,1.5901,40022,true,1,ready
mb_train_0022_s40023,1261,0.3757,1735,474,2,0.2424,3.7229,1.7772,2.0630,40023,true,1,ready
mb_train_0023_s40024,1514,0.6679,2525,1011,2,0.3612,4.3439,1.7220,3.4353,40024,true,1,ready
mb_train_0024_s40025,1402,0.3468,1888,486,2,0.0964,4.2013,0.3448,1.6508,40025,true,1,ready
mb_train_0025_s40026,1642,0.9084,3134,1492,2,0.2193,4.0407,0.7304,3.3570,40026,true,1,ready
mb_train_0026_s40027,1403,0.8298,2567,1164,2,0.3791,3.0651,0.5154,1.6311,40027,true,1,ready
mb_train_0027_s40028,1405,0.3178,1852,447,2,0.4187,4.2151,1.3674,2.0096,40028,true,1,ready
mb_train_0028_s40029,1218,0.6732,2038,820,2,0.0582,3.8709,1.2210,2.1624,40029,true,1,ready
mb_train_0029_s40030,1664,0.4503,2413,749,2,0.0759,3.6806,1.5880,3.3267,40030,true,1,ready
mb_train_0030_s40031,1646,0.5017,2472,826,2,0.4197,3.9676,1.3307,1.0609,40031,true,1,ready
mb_train_0031_s40032,1383,0.9001,2628,1245,2,0.4409,3.2312,0.9267,1.8305,40032,true,1,ready
mb_train_0032_s40033,1209,0.5461,1869,660,2,0.3967,3.4949,1.2244,1.3262,40033,true,1,ready
mb_train_0033_s40034,1667,0.8339,3057,1390,2,0.2316,3.7612,1.2338,2.2462,40034,true,1,ready
mb_train_0034_s40035,1500,0.8718,2808,1308,2,0.3662,2.4689,1.8488,1.4351,40035,true,1,ready
mb_train_0035_s40036,1393,0.8004,2508,1115,2,0.0991,3.3070,1.1985,2.5331,40036,true,1,ready
mb_train_0036_s40037,1507,0.4729,2220,713,2,0.2497,3.0835,0.3753,2.1282,40037,true,1,ready
mb_train_0036_s90362,1507,0.4729,2220,713,2,0.2497,3.0835,0.3753,2.1282,90362,true,1,ready
mb_train_0036_s90363,1507,0.4729,2220,713,2,0.2497,3.0835,0.3753,2.1282,90363,true,1,ready
mb_train_0036_s90364,1507,0.4729,2220,713,2,0.2497,3.0835,0.3753,2.1282,90364,true,1,ready
mb_train_0036_s90365,1507,0.4729,2220,713,2,0.2497,3.0835,0.3753,2.1282,90365,true,1,ready
mb_train_0037_s40038,1282,0.7575,2253,971,2,0.4931,3.9146,1.7910,2.1659,40038,true,1,ready
mb_train_0038_s40039,1255,0.7789,2233,978,2,0.3934,4.3791,0.8172,1.3718,40039,true,1,ready
mb_train_0039_s40040,1451,0.5330,2224,773,2,0.4701,2.6341,0.9613,1.0378,40040,true,1,ready
mb_train_0040_s40041,1655,0.8393,3044,1389,2,0.2278,4.2369,1.8045,2.7309,40041,true,1,ready
mb_train_0041_s40042,1604,0.7461,2801,1197,2,0.4590,3.3011,0.5438,2.5986,40042,true,1,ready
mb_train_0042_s40043,1615,0.3023,2103,488,2,0.2511,3.6056,1.2907,1.7644,40043,true,1,ready
mb_train_0043_s40044,1462,0.7155,2508,1046,2,0.4530,3.6594,0.8925,2.5077,40044,true,1,ready
mb_train_0044_s40045,1275,0.5262,1946,671,2,0.2242,3.4609,1.2643,3.0418,40045,true,1,ready
mb_train_0045_s40046,1230,0.9282,2372,1142,2,0.4469,3.3575,0.9587,1.4742,40046,true,1,ready
mb_train_0046_s40047,1477,0.8471,2728,1251,2,0.2638,3.8762,1.5101,3.0918,40047,true,1,ready
mb_train_0047_s40048,1262,0.9171,2419,1157,2,0.0487,3.1478,1.0950,1.4840,40048,true,1,ready
mb_train_0048_s40049,1653,0.4274,2359,706,2,0.2680,2.5091,0.7648,2.6650,40049,true,1,ready
mb_train_0049_s40050,1397,0.5495,2165,768,2,0.2606,2.9428,1.0147,2.6974,40050,true,1,ready
mb_train_0050_s40051,1490,0.8066,2692,1202,2,0.0604,3.4553,0.9401,2.8814,40051,true,1,ready
mb_train_0051_s40052,1649,0.3961,2302,653,2,0.4665,4.2783,1.1078,3.0845,40052,true,1,ready
mb_train_0052_s40053,1291,0.3122,1694,403,2,0.3605,3.8948,1.9220,1.7793,40053,true,1,ready
mb_train_0053_s40054,1211,0.7363,2103,892,2,0.0658,2.9713,1.6693,2.5491,40054,true,1,ready
mb_train_0054_s40055,1385,0.7907,2480,1095,2,0.3529,2.9686,0.5672,1.1499,40055,true,1,ready
mb_train_0055_s40056,1563,0.4063,2198,635,2,0.2008,4.4606,1.4521,3.1394,40056,true,1,ready
mb_train_0055_s90552,1563,0.4063,2198,635,2,0.2008,4.4606,1.4521,3.1394,90552,true,1,ready
mb_train_0055_s90553,1563,0.4063,2198,635,2,0.2008,4.4606,1.4521,3.1394,90553,true,1,ready
mb_train_0055_s90554,1563,0.4063,2198,635,2,0.2008,4.4606,1.4521,3.1394,90554,true,1,ready
mb_train_0055_s90555,1563,0.4063,2198,635,2,0.2008,4.4606,1.4521,3.1394,90555,true,1,ready
mb_train_0056_s40057,1365,0.3870,1893,528,2,0.4386,2.8676,1.7603,1.1321,40057,true,1,ready
mb_train_0057_s40058,1536,0.9200,2949,1413,2,0.1379,3.1532,1.5625,1.6866,40058,true,1,ready
mb_train_0058_s40059,1344,0.3188,1772,428,2,0.0408,3.5081,1.2971,3.2955,40059,true,1,ready
mb_train_0059_s40060,1664,0.8435,3068,1404,2,0.0712,2.7177,0.4061,1.2618,40060,true,1,ready
mb_train_0060_s40061,1459,0.7048,2487,1028,2,0.4087,4.2956,1.4475,2.6058,40061,true,1,ready
mb_train_0061_s40062,1229,0.8379,2259,1030,2,0.3814,2.8031,0.5575,2.6580,40062,true,1,ready
mb_train_0062_s40063,1422,0.6135,2294,872,2,0.3664,3.0661,1.8732,2.6378,40063,true,1,ready
mb_train_0063_s40064,1432,0.4948,2141,709,2,0.2715,2.4101,1.2850,2.2887,40064,true,1,ready
mb_train_0064_s40065,1350,0.4773,1994,644,2,0.2363,2.8472,0.6189,2.6245,40065,true,1,ready
mb_train_0065_s40066,1425,0.4882,2121,696,2,0.4433,3.0975,1.3575,1.0307,40066,true,1,ready
mb_train_0066_s40067,1334,0.6833,2246,912,2,0.4047,3.9612,1.8277,2.9384,40067,true,1,ready
mb_train_0067_s40068,1211,0.3978,1693,482,2,0.3119,3.8219,0.3386,2.4012,40068,true,1,ready
mb_train_0068_s40069,1553,0.3090,2033,480,2,0.4876,2.6602,1.6046,3.2123,40069,true,1,ready
mb_train_0069_s40070,1580,0.9446,3072,1492,2,0.1163,4.0126,1.3060,3.3152,40070,true,1,ready
mb_train_0070_s40071,1532,0.6757,2567,1035,2,0.4346,3.9367,0.3619,2.1743,40071,true,1,ready
mb_train_0071_s40072,1660,0.6805,2790,1130,2,0.1659,3.8657,1.7386,2.3263,40072,true,1,ready
mb_train_0072_s40073,1453,0.9488,2832,1379,2,0.2394,3.6528,1.3812,1.3444,40073,true,1,ready
mb_train_0073_s40074,1419,0.3825,1962,543,2,0.2449,2.7859,1.5753,1.2536,40074,true,1,ready
mb_train_0073_s90732,1419,0.3825,1962,543,2,0.2449,2.7859,1.5753,1.2536,90732,true,1,ready
mb_train_0073_s90733,1419,0.3825,1962,543,2,0.2449,2.7859,1.5753,1.2536,90733,true,1,ready
mb_train_0073_s90734,1419,0.3825,1962,543,2,0.2449,2.7859,1.5753,1.2536,90734,true,1,ready
mb_train_0073_s90735,1419,0.3825,1962,543,2,0.2449,2.7859,1.5753,1.2536,90735,true,1,ready
mb_train_0074_s40075,1493,0.8087,2700,1207,2,0.1928,4.3890,1.9422,1.6187,40075,true,1,ready
mb_train_0075_s40076,1207,0.8153,2191,984,2,0.1137,2.6909,1.2697,3.3938,40076,true,1,ready
mb_train_0076_s40077,1434,0.5647,2244,810,2,0.1018,2.7751,0.6311,3.3408,40077,true,1,ready
mb_train_0077_s40078,1475,0.7441,2573,1098,2,0.2559,2.5960,1.5085,1.5148,40078,true,1,ready
mb_train_0078_s40079,1414,0.4982,2118,704,2,0.3061,3.0106,1.0107,1.4196,40079,true,1,ready
mb_train_0079_s40080,1200,0.5529,1863,663,2,0.3249,2.9982,0.6784,1.3137,40080,true,1,ready
mb_train_0080_s40081,1380,0.4845,2049,669,2,0.1323,2.6809,0.8279,2.5669,40081,true,1,ready
mb_train_0081_s40082,1566,0.3836,2167,601,2,0.0388,4.1012,1.7023,1.5582,40082,true,1,ready
mb_train_0082_s40083,1637,0.7019,2786,1149,2,0.2306,2.9553,0.7708,2.1398,40083,true,1,ready
mb_train_0083_s40084,1546,0.7131,2648,1102,2,0.1101,4.4732,0.5886,2.8714,40084,true,1,ready
mb_train_0084_s40085,1215,0.3511,1642,427,2,0.0337,4.1461,1.1433,2.7658,40085,true,1,ready
mb_train_0085_s40086,1581,0.6012,2531,950,2,0.0976,3.4196,0.5355,1.7301,40086,true,1,ready
mb_train_0086_s40087,1560,0.4538,2268,708,2,0.4500,3.9031,1.6421,2.2254,40087,true,1,ready
mb_train_0087_s40088,1469,0.6048,2357,888,2,0.3469,2.7547,0.4627,1.2468,40088,true,1,ready
mb_train_0088_s40089,1610,0.5884,2557,947,2,0.2780,4.4248,1.9649,2.0525,40089,true,1,ready
mb_train_0089_s40090,1694,0.8958,3211,1517,2,0.1988,4.3251,1.9307,1.7861,40090,true,1,ready
mb_train_0090_s40091,1530,0.5422,2360,830,2,0.4518,3.4823,0.9340,2.5767,40091,true,1,ready
mb_train_0091_s40092,1264,0.4170,1791,527,2,0.1942,3.1205,0.6499,3.1165,40092,true,1,ready
mb_train_0091_s90912,1264,0.4170,1791,527,2,0.1942,3.1205,0.6499,3.1165,90912,true,1,ready
mb_train_0091_s90913,1264,0.4170,1791,527,2,0.1942,3.1205,0.6499,3.1165,90913,true,1,ready
mb_train_0091_s90914,1264,0.4170,1791,527,2,0.1942,3.1205,0.6499,3.1165,90914,true,1,ready
mb_train_0091_s90915,1264,0.4170,1791,527,2,0.1942,3.1205,0.6499,3.1165,90915,true,1,ready
mb_train_0092_s40093,1239,0.7643,2186,947,2,0.4144,3.3404,1.2504,1.3049,40093,true,1,ready
mb_train_0093_s40094,1596,0.6035,2559,963,2,0.4274,4.1421,0.8740,1.4512,40094,true,1,ready
mb_train_0094_s40095,1627,0.6558,2694,1067,2,0.4825,4.1092,1.1213,1.1983,40095,true,1,ready
mb_train_0095_s40096,1456,0.6969,2471,1015,2,0.3944,3.7366,1.8608,3.0010,40096,true,1,ready
mb_train_0096_s40097,1253,0.9206,2407,1154,2,0.2420,3.0150,1.7761,2.0391,40097,true,1,ready
mb_train_0097_s40098,1515,0.8811,2850,1335,2,0.2201,3.4048,0.8782,2.6290,40098,true,1,ready
mb_train_0098_s40099,1331,0.6180,2154,823,2,0.2934,2.6411,1.8118,2.4762,40099,true,1,ready
mb_train_0099_s40100,1323,0.5067,1993,670,2,0.0418,2.5284,1.1115,2.6511,40100,true,1,ready
mb_train_0100_s40101,1502,0.9131,2873,1371,2,0.2236,3.3608,1.0737,3.0623,40101,true,1,ready
mb_train_0101_s40102,1559,0.8505,2885,1326,2,0.1481,4.0482,1.8871,2.9973,40102,true,1,ready
mb_train_0102_s40103,1444,0.5763,2276,832,2,0.3507,4.2765,0.4890,2.1453,40103,true,1,ready
mb_train_0103_s40104,1533,0.6788,2574,1041,2,0.1717,4.0358,0.6678,2.0004,40104,true,1,ready
mb_train_0104_s40105,1416,0.6526,2340,924,2,0.2081,2.5443,1.6719,1.3510,40105,true,1,ready
mb_train_0105_s40106,1387,0.3216,1833,446,2,0.2379,4.4313,0.3574,3.4014,40106,true,1,ready
mb_train_0106_s40107,1412,0.3421,1895,483,2,0.4322,4.4473,1.1930,1.3888,40107,true,1,ready
mb_train_0107_s40108,1613,0.8548,2992,1379,2,0.3697,3.1294,0.7976,2.3295,40108,true,1,ready
mb_train_0108_s40109,1690,0.4867,2513,823,2,0.4398,4.3112,0.4835,1.1419,40109,true,1,ready
mb_train_0109_s40110,1565,0.6175,2531,966,2,0.2473,3.5438,1.0616,3.1302,40110,true,1,ready
mb_train_0110_s40111,1700,0.7560,2985,1285,2,0.1287,2.4611,0.6695,1.9390,40111,true,1,ready
mb_train_0110_s91102,1700,0.7560,2985,1285,2,0.1287,2.4611,0.6695,1.9390,91102,true,1,ready
mb_train_0110_s91103,1700,0.7560,2985,1285,2,0.1287,2.4611,0.6695,1.9390,91103,true,1,ready
mb_train_0110_s91104,1700,0.7560,2985,1285,2,0.1287,2.4611,0.6695,1.9390,91104,true,1,ready
mb_train_0110_s91105,1700,0.7560,2985,1285,2,0.1287,2.4611,0.6695,1.9390,91105,true,1,ready
mb_train_0111_s40112,1492,0.5414,2300,808,2,0.3714,3.3359,1.8502,2.9203,40112,true,1,ready
mb_train_0112_s40113,1288,0.6650,2145,857,2,0.0279,4.4997,0.7496,1.5665,40113,true,1,ready
mb_train_0113_s40114,1265,0.8758,2373,1108,2,0.4018,4.1973,1.6394,1.4276,40114,true,1,ready
mb_train_0114_s40115,1629,0.7703,2884,1255,2,0.2047,4.2222,1.0038,3.4402,40115,true,1,ready
mb_train_0115_s40116,1329,0.7825,2369,1040,2,0.1120,2.4299,0.7468,1.2146,40116,true,1,ready
mb_train_0116_s40117,1285,0.6594,2132,847,2,0.0684,2.5553,1.7652,2.4499,40117,true,1,ready
mb_train_0117_s40118,1399,0.6115,2254,855,2,0.1308,3.3226,0.6383,2.8085,40118,true,1,ready
mb_train_0118_s40119,1549,0.4105,2185,636,2,0.4602,2.4382,1.0379,3.3039,40119,true,1,ready
mb_train_0119_s40120,1433,0.3909,1993,560,2,0.0690,4.2327,0.7875,3.4979,40120,true,1,ready
mb_train_0120_s40121,1527,0.3665,2087,560,2,0.3378,4.4578,1.6806,2.4561,40121,true,1,ready
mb_train_0121_s40122,1346,0.9098,2571,1225,2,0.3033,2.4175,1.5553,1.1788,40122,true,1,ready
mb_train_0122_s40123,1681,0.3380,2249,568,2,0.1773,3.6984,0.4971,1.8544,40123,true,1,ready
mb_train_0123_s40124,1246,0.7120,2133,887,2,0.2399,3.4625,1.8444,2.6820,40124,true,1,ready
mb_train_0124_s40125,1675,0.5848,2655,980,2,0.4901,2.6555,1.5632,1.8676,40125,true,1,ready
mb_train_0125_s40126,1249,0.4037,1753,504,2,0.3045,2.4429,0.4212,2.2020,40126,true,1,ready
mb_train_0126_s40127,1618,0.7306,2800,1182,2,0.0809,3.9251,1.5461,2.8360,40127,true,1,ready
mb_train_0127_s40128,1205,0.7194,2072,867,2,0.0128,3.0004,0.5294,1.4658,40128,true,1,ready
mb_train_0128_s40129,1497,0.9411,2906,1409,2,0.3732,3.2814,0.5544,3.4277,40129,true,1,ready
mb_train_0128_s91282,1497,0.9411,2906,1409,2,0.3732,3.2814,0.5544,3.4277,91282,true,1,ready
mb_train_0128_s91283,1497,0.9411,2906,1409,2,0.3732,3.2814,0.5544,3.4277,91283,true,1,ready
mb_train_0128_s91284,1497,0.9411,2906,1409,2,0.3732,3.2814,0.5544,3.4277,91284,true,1,ready
mb_train_0128_s91285,1497,0.9411,2906,1409,2,0.3732,3.2814,0.5544,3.4277,91285,true,1,ready
mb_train_0129_s40130,1622,0.9277,3127,1505,2,0.1865,2.8309,1.3164,1.7180,40130,true,1,ready
mb_train_0130_s40131,1653,0.8647,3082,1429,2,0.1337,2.5332,1.3243,2.9507,40131,true,1,ready
mb_train_0131_s40132,1318,0.7265,2276,958,2,0.3303,3.7779,0.3876,1.7073,40132,true,1,ready
mb_train_0132_s40133,1643,0.8251,2999,1356,2,0.4206,3.0299,1.5933,1.0943,40133,true,1,ready
mb_train_0133_s40134,1245,0.6007,1993,748,2,0.1841,2.7290,1.2095,3.2342,40134,true,1,ready
mb_train_0134_s40135,1251,0.8090,2263,1012,2,0.4905,4.0199,0.3390,1.1891,40135,true,1,ready
mb_train_0135_s40136,1431,0.4083,2015,584,2,0.4968,2.5901,0.3168,2.7148,40136,true,1,ready
mb_train_0136_s40137,1320,0.7620,2326,1006,2,0.2760,3.6067,1.8766,2.4364,40137,true,1,ready
mb_train_0137_s40138,1327,0.5291,2029,702,2,0.4281,3.7036,1.8304,3.2392,40138,true,1,ready
mb_train_0138_s40139,1638,0.8822,3083,1445,2,0.0902,3.0340,0.8116,3.1221,40139,true,1,ready
mb_train_0139_s40140,1696,0.8268,3098,1402,2,0.2483,2.6475,1.3615,1.4461,40140,true,1,ready
mb_train_0140_s40141,1377,0.9245,2650,1273,2,0.0835,3.9962,0.8566,1.3850,40141,true,1,ready
mb_train_0141_s40142,1395,0.6934,2362,967,2,0.2619,3.3788,1.1516,3.0339,40142,true,1,ready
mb_train_0142_s40143,1589,0.5480,2460,871,2,0.1405,3.1029,0.6254,2.7544,40143,true,1,ready
mb_train_0143_s40144,1447,0.5771,2282,835,2,0.3323,2.8912,0.5043,2.0971,40144,true,1,ready
mb_train_0144_s40145,1551,0.6368,2539,988,2,0.0876,3.5998,0.8053,1.4004,40145,true,1,ready
mb_train_0145_s40146,1386,0.5728,2180,794,2,0.2866,3.2618,0.4239,2.7837,40146,true,1,ready
mb_train_0146_s40147,1568,0.6849,2642,1074,2,0.4032,3.9959,1.5484,1.1258,40147,true,1,ready
mb_train_0146_s91462,1568,0.6849,2642,1074,2,0.4032,3.9959,1.5484,1.1258,91462,true,1,ready
mb_train_0146_s91463,1568,0.6849,2642,1074,2,0.4032,3.9959,1.5484,1.1258,91463,true,1,ready
mb_train_0146_s91464,1568,0.6849,2642,1074,2,0.4032,3.9959,1.5484,1.1258,91464,true,1,ready
mb_train_0146_s91465,1568,0.6849,2642,1074,2,0.4032,3.9959,1.5484,1.1258,91465,true,1,ready
mb_train_0147_s40148,1571,0.9346,3039,1468,2,0.3253,3.7672,0.6890,2.5804,40148,true,1,ready
mb_train_0148_s40149,1345,0.5818,2128,783,2,0.0559,3.9756,0.8731,1.9674,40149,true,1,ready
mb_train_0149_s40150,1602,0.6877,2704,1102,2,0.3006,2.9878,1.5987,2.3982,40150,true,1,ready
mb_train_0150_s40151,1607,0.6233,2609,1002,2,0.4641,3.3289,1.7145,1.3939,40151,true,1,ready
mb_train_0151_s40152,1398,0.7374,2429,1031,2,0.1685,3.7391,1.6789,1.9337,40152,true,1,ready
mb_train_0152_s40153,1688,0.7217,2906,1218,2,0.2037,3.3679,1.7428,2.3452,40153,true,1,ready
mb_train_0153_s40154,1481,0.3458,1993,512,2,0.3348,3.4875,1.2522,3.2020,40154,true,1,ready
mb_train_0154_s40155,1225,0.8040,2210,985,2,0.3481,3.6284,1.4581,3.3100,40155,true,1,ready
mb_train_0155_s40156,1298,0.8486,2399,1101,2,0.1916,4.3615,0.7190,1.9601,40156,true,1,ready
mb_train_0156_s40157,1583,0.5626,2474,891,2,0.2852,2.7712,1.9106,1.2063,40157,true,1,ready
mb_train_0157_s40158,1363,0.4605,1991,628,2,0.4716,3.1867,0.3315,3.0080,40158,true,1,ready
mb_train_0158_s40159,1639,0.3941,2285,646,2,0.0733,2.5618,0.6452,1.7561,40159,true,1,ready
mb_train_0159_s40160,1482,0.8595,2756,1274,2,0.2213,3.8874,1.2724,1.9191,40160,true,1,ready
mb_train_0160_s40161,1509,0.5577,2351,842,2,0.2949,3.9508,1.5191,3.0266,40161,true,1,ready
mb_train_0161_s40162,1256,0.6467,2068,812,2,0.4149,3.2210,1.1051,1.1528,40162,true,1,ready
mb_train_0162_s40163,1592,0.5554,2476,884,2,0.1216,4.0511,1.8822,2.5600,40163,true,1,ready
mb_train_0163_s40164,1362,0.6267,2216,854,2,0.2160,2.8728,0.4006,3.3610,40164,true,1,ready
mb_train_0164_s40165,1485,0.5193,2256,771,2,0.2800,4.4196,1.9543,2.7358,40165,true,1,ready
mb_train_0165_s40166,1353,0.8415,2492,1139,2,0.1545,3.4250,1.2152,1.6716,40166,true,1,ready
mb_train_0165_s91652,1353,0.8415,2492,1139,2,0.1545,3.4250,1.2152,1.6716,91652,true,1,ready
mb_train_0165_s91653,1353,0.8415,2492,1139,2,0.1545,3.4250,1.2152,1.6716,91653,true,1,ready
mb_train_0165_s91654,1353,0.8415,2492,1139,2,0.1545,3.4250,1.2152,1.6716,91654,true,1,ready
mb_train_0165_s91655,1353,0.8415,2492,1139,2,0.1545,3.4250,1.2152,1.6716,91655,true,1,ready
mb_train_0166_s40167,1272,0.6211,2062,790,2,0.3453,3.6698,0.5826,1.7623,40167,true,1,ready
mb_train_0167_s40168,1228,0.5738,1933,705,2,0.2530,4.1804,1.7527,1.8605,40168,true,1,ready
mb_train_0168_s40169,1401,0.9308,2705,1304,2,0.4485,4.2068,1.1867,2.3506,40169,true,1,ready
mb_train_0169_s40170,1289,0.8170,2342,1053,2,0.2173,2.4778,1.1483,1.6374,40170,true,1,ready
mb_train_0170_s40171,1237,0.7277,2137,900,2,0.3218,4.0856,1.0401,2.3016,40171,true,1,ready
mb_train_0171_s40172,1521,0.9386,2949,1428,2,0.3804,3.4990,0.9445,1.9809,40172,true,1,ready
mb_train_0172_s40173,1676,0.8312,3069,1393,2,0.3740,3.9853,0.4684,1.4888,40173,true,1,ready
mb_train_0173_s40174,1292,0.7750,2293,1001,2,0.3313,2.6337,0.7907,1.6496,40174,true,1,ready
mb_train_0174_s40175,1207,0.7868,2157,950,2,0.0820,2.7414,1.7098,2.0274,40175,true,1,ready
mb_train_0175_s40176,1684,0.4542,2449,765,2,0.2707,2.6713,1.6167,3.1825,40176,true,1,ready
mb_train_0176_s40177,1600,0.3802,2208,608,2,0.2325,4.1173,1.8578,2.2519,40177,true,1,ready
mb_train_0177_s40178,1326,0.4958,1983,657,2,0.4364,2.6010,0.6998,2.9635,40178,true,1,ready
mb_train_0178_s40179,1698,0.8845,3200,1502,2,0.4761,4.3479,0.3867,3.4690,40179,true,1,ready
mb_train_0179_s40180,1271,0.3160,1673,402,2,0.1598,4.0313,0.9221,2.8016,40180,true,1,ready
mb_train_0180_s40181,1535,0.6338,2508,973,2,0.3207,3.4020,0.3945,2.7921,40181,true,1,ready
mb_train_0181_s40182,1455,0.7936,2610,1155,2,0.1813,3.3436,0.7820,3.2653,40182,true,1,ready
mb_train_0182_s40183,1539,0.6495,2539,1000,2,0.2966,2.4895,1.1581,1.6575,40183,true,1,ready
mb_train_0183_s40184,1280,0.8755,2401,1121,2,0.3085,2.9309,0.5640,2.9475,40184,true,1,ready
mb_train_0183_s91832,1280,0.8755,2401,1121,2,0.3085,2.9309,0.5640,2.9475,91832,true,1,ready
mb_train_0183_s91833,1280,0.8755,2401,1121,2,0.3085,2.9309,0.5640,2.9475,91833,true,1,ready
mb_train_0183_s91834,1280,0.8755,2401,1121,2,0.3085,2.9309,0.5640,2.9475,91834,true,1,ready
mb_train_0183_s91835,1280,0.8755,2401,1121,2,0.3085,2.9309,0.5640,2.9475,91835,true,1,ready
mb_train_0184_s40185,1577,0.5698,2476,899,2,0.3955,3.8302,0.9708,2.5384,40185,true,1,ready
mb_train_0185_s40186,1349,0.6439,2218,869,2,0.3020,2.9033,1.7833,1.7250,40186,true,1,ready
mb_train_0186_s40187,1623,0.5599,2532,909,2,0.1179,4.3148,1.6253,3.0194,40187,true,1,ready
mb_train_0187_s40188,1440,0.5607,2247,807,2,0.1515,3.2912,0.9014,2.1843,40188,true,1,ready
mb_train_0188_s40189,1463,0.4004,2049,586,2,0.0082,3.0184,0.6257,3.2518,40189,true,1,ready
mb_train_0189_s40190,1370,0.4419,1975,605,2,0.2653,3.9349,1.0707,1.1056,40190,true,1,ready
mb_train_0190_s40191,1357,0.8986,2576,1219,2,0.2123,3.2431,1.3497,1.0147,40191,true,1,ready
mb_train_0191_s40192,1217,0.6490,2007,790,2,0.1740,2.8600,1.0801,2.0214,40192,true,1,ready
mb_train_0192_s40193,1569,0.9052,2989,1420,2,0.3136,2.9203,1.2314,2.9826,40193,true,1,ready
mb_train_0193_s40194,1348,0.3298,1793,445,2,0.1043,2.6088,1.1376,1.5247,40194,true,1,ready
mb_train_0194_s40195,1258,0.5116,1902,644,2,0.1763,4.0933,0.8344,2.2998,40195,true,1,ready
mb_train_0195_s40196,1389,0.5396,2139,750,2,0.0306,3.4718,1.0877,3.4737,40196,true,1,ready
mb_train_0196_s40197,1669,0.4145,2361,692,2,0.0999,3.0425,0.6814,1.1182,40197,true,1,ready
mb_train_0197_s40198,1371,0.8116,2484,1113,2,0.0143,2.5404,0.9694,1.8896,40198,true,1,ready
mb_train_0198_s40199,1428,0.4640,2091,663,2,0.1276,4.1379,0.7414,1.2667,40199,true,1,ready
mb_train_0199_s40200,1416,0.3525,1915,499,2,0.3909,3.3738,1.0244,3.2864,40200,true,1,ready
mb_train_0200_s40201,1695,0.3576,2301,606,2,0.3993,4.3542,1.1342,1.2992,40201,true,1,ready
mb_train_0201_s40202,1606,0.5447,2481,875,2,0.0936,3.1126,1.9607,2.9047,40202,true,1,ready
mb_train_0202_s40203,1500,0.3252,1988,488,2,0.0224,4.2644,1.9504,1.5520,40203,true,1,ready
mb_train_0202_s92022,1500,0.3252,1988,488,2,0.0224,4.2644,1.9504,1.5520,92022,true,1,ready
mb_train_0202_s92023,1500,0.3252,1988,488,2,0.0224,4.2644,1.9504,1.5520,92023,true,1,ready
mb_train_0202_s92024,1500,0.3252,1988,488,2,0.0224,4.2644,1.9504,1.5520,92024,true,1,ready
mb_train_0202_s92025,1500,0.3252,1988,488,2,0.0224,4.2644,1.9504,1.5520,92025,true,1,ready
mb_train_0203_s40204,1269,0.8460,2343,1074,2,0.3638,3.5559,1.2773,1.3610,40204,true,1,ready
mb_train_0204_s40205,1585,0.6913,2681,1096,2,0.2892,3.5810,0.4133,2.0792,40205,true,1,ready
mb_train_0205_s40206,1328,0.3688,1818,490,2,0.4841,4.3652,0.7349,3.0528,40206,true,1,ready
mb_train_0206_s40207,1267,0.3796,1748,481,2,0.0047,2.9912,1.8218,2.1310,40207,true,1,ready
mb_train_0207_s40208,1243,0.4618,1817,574,2,0.1697,3.5937,1.6929,3.0775,40208,true,1,ready
mb_train_0208_s40209,1241,0.5344,1904,663,2,0.1678,3.0595,0.3686,2.6479,40209,true,1,ready
mb_train_0209_s40210,1260,0.9157,2414,1154,2,0.0008,3.5177,1.4200,1.8362,40210,true,1,ready
mb_train_0210_s40211,1538,0.5187,2336,798,2,0.1637,3.0417,0.6850,1.5466,40211,true,1,ready
mb_train_0211_s40212,1524,0.7331,2641,1117,2,0.3266,3.5151,1.4877,2.7987,40212,true,1,ready
mb_train_0212_s40213,1461,0.3344,1950,489,2,0.1265,3.8546,0.6036,2.1964,40213,true,1,ready
mb_train_0213_s40214,1419,0.7980,2551,1132,2,0.1441,3.6433,0.4535,2.8556,40214,true,1,ready
mb_train_0214_s40215,1683,0.3712,2308,625,2,0.4815,3.3523,1.9367,2.4694,40215,true,1,ready
mb_train_0215_s40216,1549,0.4314,2217,668,2,0.2264,3.9105,1.6874,2.7640,40216,true,1,ready
mb_train_0216_s40217,1578,0.9469,3072,1494,2,0.1582,3.6658,1.3369,1.2789,40217,true,1,ready
mb_train_0217_s40218,1587,0.4122,2241,654,2,0.0167,3.1855,0.4355,2.1924,40218,true,1,ready
mb_train_0218_s40219,1605,0.5878,2548,943,2,0.1073,3.1642,1.7068,2.6170,40219,true,1,ready
mb_train_0219_s40220,1517,0.3629,2068,551,2,0.4100,2.4313,0.4772,1.3161,40220,true,1,ready
mb_train_0220_s40221,1593,0.5671,2496,903,2,0.4615,3.2277,1.4906,2.2773,40221,true,1,ready
mb_train_0220_s92202,1593,0.5671,2496,903,2,0.4615,3.2277,1.4906,2.2773,92202,true,1,ready
mb_train_0220_s92203,1593,0.5671,2496,903,2,0.4615,3.2277,1.4906,2.2773,92203,true,1,ready
mb_train_0220_s92204,1593,0.5671,2496,903,2,0.4615,3.2277,1.4906,2.2773,92204,true,1,ready
mb_train_0220_s92205,1593,0.5671,2496,903,2,0.4615,3.2277,1.4906,2.2773,92205,true,1,ready
mb_train_0221_s40222,1584,0.6533,2619,1035,2,0.1493,3.4778,1.1685,1.8229,40222,true,1,ready
mb_train_0222_s40223,1465,0.6699,2446,981,2,0.0465,4.0032,1.4241,3.1439,40223,true,1,ready
mb_train_0223_s40224,1286,0.8290,2352,1066,2,0.0647,3.7195,0.4921,1.8209,40224,true,1,ready
mb_train_0224_s40225,1305,0.9443,2537,1232,2,0.1614,3.2109,0.5930,2.4334,40225,true,1,ready
mb_train_0225_s40226,1339,0.6979,2273,934,2,0.3187,4.1888,1.7240,2.9302,40226,true,1,ready
mb_train_0226_s40227,1479,0.4435,2135,656,2,0.4575,3.7536,0.5025,2.4945,40227,true,1,ready
mb_train_0227_s40228,1486,0.3874,2062,576,2,0.0174,4.3823,1.3919,2.3678,40228,true,1,ready
mb_train_0228_s40229,1522,0.4046,2138,616,2,0.1833,4.0695,1.9960,2.8308,40229,true,1,ready
mb_train_0229_s40230,1542,0.6345,2520,978,2,0.0797,2.7082,1.3475,3.3299,40230,true,1,ready
mb_train_0230_s40231,1443,0.7062,2462,1019,2,0.3543,4.3314,1.2606,3.3724,40231,true,1,ready
mb_train_0231_s40232,1558,0.4784,2303,745,2,0.2990,4.2542,0.6101,2.2354,40232,true,1,ready
mb_train_0232_s40233,1670,0.4515,2424,754,2,0.0950,2.9382,0.5126,2.9274,40233,true,1,ready
mb_train_0233_s40234,1284,0.6405,2106,822,2,0.2780,4.4147,1.8004,2.0306,40234,true,1,ready
mb_train_0234_s40235,1619,0.7796,2881,1262,2,0.0384,3.1728,0.9818,3.1547,40235,true,1,ready
mb_train_0235_s40236,1368,0.8554,2538,1170,2,0.0040,3.1765,1.6321,2.4573,40236,true,1,ready
mb_train_0236_s40237,1483,0.7639,2616,1133,2,0.1963,3.6330,0.8485,1.7981,40237,true,1,ready
mb_train_0237_s40238,1677,0.4655,2458,781,2,0.0725,2.7831,0.8939,1.4943,40238,true,1,ready
mb_train_0238_s40239,1232,0.5375,1894,662,2,0.3154,3.5504,0.8600,1.8100,40239,true,1,ready
mb_train_0238_s92382,1232,0.5375,1894,662,2,0.3154,3.5504,0.8600,1.8100,92382,true,1,ready
mb_train_0238_s92383,1232,0.5375,1894,662,2,0.3154,3.5504,0.8600,1.8100,92383,true,1,ready
mb_train_0238_s92384,1232,0.5375,1894,662,2,0.3154,3.5504,0.8600,1.8100,92384,true,1,ready
mb_train_0238_s92385,1232,0.5375,1894,662,2,0.3154,3.5504,0.8600,1.8100,92385,true,1,ready
mb_train_0239_s40240,1448,0.7389,2518,1070,2,0.3900,2.6145,1.8688,2.9867,40240,true,1,ready
mb_train_0240_s40241,1658,0.6626,2757,1099,2,0.3511,3.6721,1.4297,1.0031,40241,true,1,ready
mb_train_0241_s40242,1644,0.6814,2764,1120,2,0.1973,3.2043,1.3987,2.2840,40242,true,1,ready
mb_train_0242_s40243,1427,0.4693,2097,670,2,0.4230,2.5715,1.4709,1.6008,40243,true,1,ready
mb_train_0243_s40244,1635,0.5680,2564,929,2,0.2289,3.5757,1.6615,1.0909,40244,true,1,ready
mb_train_0244_s40245,1640,0.8626,3055,1415,2,0.4052,4.3342,1.7373,1.9045,40245,true,1,ready
mb_train_0245_s40246,1479,0.6429,2430,951,2,0.2149,2.8096,0.5483,2.8168,40246,true,1,ready
mb_train_0246_s40247,1315,0.7499,2301,986,2,0.1211,4.4902,0.6570,1.5954,40247,true,1,ready
mb_train_0247_s40248,1690,0.4227,2404,714,2,0.4557,3.9595,1.7483,2.3595,40248,true,1,ready
mb_train_0248_s40249,1449,0.7010,2465,1016,2,0.2091,3.1947,1.3115,1.2731,40249,true,1,ready
mb_train_0249_s40250,1563,0.4372,2246,683,2,0.3831,3.7452,1.5782,1.1664,40250,true,1,ready
mb_train_0250_s40251,1526,0.8189,2776,1250,2,0.0444,3.7872,0.8016,3.1692,40251,true,1,ready
mb_train_0251_s40252,1682,0.8136,3050,1368,2,0.0071,4.2422,0.9135,1.9721,40252,true,1,ready
mb_train_0252_s40253,1495,0.5266,2282,787,2,0.3770,3.2941,0.5772,1.0805,40253,true,1,ready
mb_train_0253_s40254,1354,0.3545,1834,480,2,0.0895,3.2031,1.9859,1.6243,40254,true,1,ready
mb_train_0254_s40255,1674,0.8630,3119,1445,2,0.3179,3.0780,1.2028,2.4188,40255,true,1,ready
mb_train_0255_s40256,1668,0.4996,2501,833,2,0.2730,2.8832,1.3837,3.2750,40256,true,1,ready
mb_train_0256_s40257,1598,0.4727,2353,755,2,0.0203,2.5671,0.6006,1.6791,40257,true,1,ready
mb_train_0257_s40258,1310,0.8877,2473,1163,2,0.3408,2.9492,1.8949,2.6761,40258,true,1,ready
mb_train_0257_s92572,1310,0.8877,2473,1163,2,0.3408,2.9492,1.8949,2.6761,92572,true,1,ready
mb_train_0257_s92573,1310,0.8877,2473,1163,2,0.3408,2.9492,1.8949,2.6761,92573,true,1,ready
mb_train_0257_s92574,1310,0.8877,2473,1163,2,0.3408,2.9492,1.8949,2.6761,92574,true,1,ready
mb_train_0257_s92575,1310,0.8877,2473,1163,2,0.3408,2.9492,1.8949,2.6761,92575,true,1,ready
mb_train_0258_s40259,1680,0.5833,2660,980,2,0.3356,2.8149,1.6160,1.8790,40259,true,1,ready
mb_train_0259_s40260,1672,0.7950,3001,1329,2,0.1032,3.9463,1.6261,1.0746,40260,true,1,ready
mb_train_0260_s40261,1306,0.5984,2088,782,2,0.2023,4.1741,1.6569,2.4902,40261,true,1,ready
mb_train_0261_s40262,1686,0.4181,2391,705,2,0.0020,3.4483,0.4411,1.9082,40262,true,1,ready
mb_train_0262_s40263,1553,0.8202,2827,1274,2,0.3870,3.8399,1.6474,1.0137,40263,true,1,ready
mb_train_0263_s40264,1648,0.8912,3117,1469,2,0.1425,2.6827,1.4119,3.1876,40264,true,1,ready
mb_train_0264_s40265,1574,0.3487,2123,549,2,0.0511,4.4081,1.0562,2.4136,40265,true,1,ready
mb_train_0265_s40266,1466,0.5049,2206,740,2,0.3563,3.6941,0.3132,1.3385,40266,true,1,ready
mb_train_0266_s40267,1421,0.3326,1894,473,2,0.2906,4.2858,1.0653,2.3757,40267,true,1,ready
mb_train_0267_s40268,1236,0.5906,1966,730,2,0.1792,3.5588,0.4722,1.4580,40268,true,1,ready
mb_train_0268_s40269,1322,0.8222,2409,1087,2,0.3141,4.2690,0.7759,3.2603,40269,true,1,ready
mb_train_0269_s40270,1204,0.4476,1743,539,2,0.2344,2.7913,1.0308,1.6933,40270,true,1,ready
mb_train_0270_s40271,1406,0.3911,1956,550,2,0.2838,2.4222,1.8162,2.9689,40271,true,1,ready
mb_train_0271_s40272,1574,0.5028,2365,791,2,0.3681,2.6206,1.4775,1.5848,40272,true,1,ready
mb_train_0272_s40273,1586,0.7084,2710,1124,2,0.0552,3.8600,1.1008,1.7007,40273,true,1,ready
mb_train_0273_s40274,1410,0.3363,1884,474,2,0.4785,2.7629,1.4143,1.8496,40274,true,1,ready
mb_train_0274_s40275,1436,0.7178,2467,1031,2,0.1393,2.5039,0.4578,3.2796,40275,true,1,ready
mb_train_0275_s40276,1295,0.8031,2335,1040,2,0.4776,3.2572,1.5294,1.2870,40276,true,1,ready
mb_train_0275_s92752,1295,0.8031,2335,1040,2,0.4776,3.2572,1.5294,1.2870,92752,true,1,ready
mb_train_0275_s92753,1295,0.8031,2335,1040,2,0.4776,3.2572,1.5294,1.2870,92753,true,1,ready
mb_train_0275_s92754,1295,0.8031,2335,1040,2,0.4776,3.2572,1.5294,1.2870,92754,true,1,ready
mb_train_0275_s92755,1295,0.8031,2335,1040,2,0.4776,3.2572,1.5294,1.2870,92755,true,1,ready
mb_train_0276_s40277,1294,0.4319,1853,559,2,0.0868,3.9228,1.9381,2.0676,40277,true,1,ready
mb_train_0277_s40278,1276,0.4919,1904,628,2,0.1457,2.8760,0.7605,2.5050,40278,true,1,ready
mb_train_0278_s40279,1222,0.7538,2143,921,2,0.2133,4.4869,1.2950,3.0930,40279,true,1,ready
mb_train_0279_s40280,1299,0.3642,1772,473,2,0.0260,3.8111,1.1699,1.6678,40280,true,1,ready
mb_train_0280_s40281,1213,0.7086,2073,860,2,0.0294,2.5208,0.6140,2.2368,40281,true,1,ready
mb_train_0281_s40282,1303,0.3671,1781,478,2,0.1093,2.7449,0.3675,2.6859,40282,true,1,ready
mb_train_0282_s40283,1274,0.8525,2360,1086,2,0.2911,4.1271,0.4276,1.6120,40283,true,1,ready
mb_train_0283_s40284,1311,0.5946,2091,780,2,0.2549,3.2758,1.4658,2.5261,40284,true,1,ready
mb_train_0284_s40285,1543,0.6394,2530,987,2,0.4361,2.9114,0.6959,1.3673,40285,true,1,ready
mb_train_0285_s40286,1314,0.7770,2335,1021,2,0.3853,4.0255,0.3056,3.1585,40286,true,1,ready
mb_train_0286_s40287,1554,0.4803,2300,746,2,0.0107,2.9068,1.0047,3.3853,40287,true,1,ready
mb_train_0287_s40288,1507,0.3563,2044,537,2,0.2741,3.4366,1.1838,2.2707,40288,true,1,ready
mb_train_0288_s40289,1342,0.9235,2581,1239,2,0.3380,3.4128,1.8349,2.0445,40289,true,1,ready
mb_train_0289_s40290,1630,0.7829,2906,1276,2,0.4172,3.9809,1.9001,1.7757,40290,true,1,ready
mb_train_0290_s40291,1445,0.5515,2242,797,2,0.0844,3.1394,1.4337,3.1755,40291,true,1,ready
mb_train_0291_s40292,1392,0.7670,2460,1068,2,0.4117,3.7959,1.6533,1.9554,40292,true,1,ready
mb_train_0292_s40293,1439,0.6216,2333,894,2,0.3566,3.1608,1.4809,1.8983,40293,true,1,ready
mb_train_0293_s40294,1490,0.3042,1943,453,2,0.1872,3.0903,1.7957,2.5521,40294,true,1,ready
mb_train_0293_s92932,1490,0.3042,1943,453,2,0.1872,3.0903,1.7957,2.5521,92932,true,1,ready
mb_train_0293_s92933,1490,0.3042,1943,453,2,0.1872,3.0903,1.7957,2.5521,92933,true,1,ready
mb_train_0293_s92934,1490,0.3042,1943,453,2,0.1872,3.0903,1.7957,2.5521,92934,true,1,ready
mb_train_0293_s92935,1490,0.3042,1943,453,2,0.1872,3.0903,1.7957,2.5521,92935,true,1,ready
mb_train_0294_s40295,1382,0.7528,2422,1040,2,0.1739,2.8374,0.7131,1.5345,40295,true,1,ready
mb_train_0295_s40296,1224,0.9361,2370,1146,2,0.1428,2.8927,0.9190,1.9463,40296,true,1,ready
mb_train_0296_s40297,1341,0.7594,2359,1018,2,0.3760,4.1532,0.9523,3.3897,40297,true,1,ready
mb_train_0297_s40298,1459,0.9317,2818,1359,2,0.4802,2.8215,1.5028,2.8472,40298,true,1,ready
mb_train_0298_s40299,1470,0.7966,2641,1171,2,0.0538,4.1152,0.3240,3.4817,40299,true,1,ready
mb_train_0299_s40300,1657,0.4756,2445,788,2,0.4295,3.8266,1.9783,3.4483,40300,true,1,ready
mb_train_0300_s40301,1541,0.6580,2555,1014,2,0.0925,3.6363,0.8502,1.1110,40301,true,1,ready
mb_train_0301_s40302,1297,0.6661,2161,864,2,0.0255,4.4783,1.4409,3.4917,40302,true,1,ready
mb_train_0302_s40303,1528,0.5242,2329,801,2,0.2065,3.7739,1.3261,2.7018,40303,true,1,ready
mb_train_0303_s40304,1390,0.5130,2103,713,2,0.4544,2.5792,1.6981,1.5771,40304,true,1,ready
mb_train_0304_s40305,1488,0.5147,2254,766,2,0.2824,4.1290,1.3418,3.1093,40305,true,1,ready
mb_train_0305_s40306,1633,0.4898,2433,800,2,0.0120,2.5172,1.3696,2.3113,40306,true,1,ready
mb_train_0306_s40307,1519,0.3443,2042,523,2,0.2631,3.8002,1.2058,2.7081,40307,true,1,ready
mb_train_0307_s40308,1409,0.3285,1872,463,2,0.4859,4.0592,0.9953,2.0747,40308,true,1,ready
mb_train_0308_s40309,1280,0.8900,2419,1139,2,0.1901,3.8897,0.4093,2.7496,40309,true,1,ready
mb_train_0309_s40310,1355,0.3005,1762,407,2,0.3628,4.2265,0.6614,1.8049,40310,true,1,ready
mb_train_0310_s40311,1663,0.5165,2522,859,2,0.1528,2.6667,1.4614,2.0913,40311,true,1,ready
mb_train_0311_s40312,1378,0.5800,2177,799,2,0.2461,3.3919,0.3273,1.2291,40312,true,1,ready
mb_train_0312_s40313,1308,0.5211,1990,682,2,0.1057,3.5872,1.5415,1.0254,40313,true,1,ready
mb_train_0312_s93122,1308,0.5211,1990,682,2,0.1057,3.5872,1.5415,1.0254,93122,true,1,ready
mb_train_0312_s93123,1308,0.5211,1990,682,2,0.1057,3.5872,1.5415,1.0254,93123,true,1,ready
mb_train_0312_s93124,1308,0.5211,1990,682,2,0.1057,3.5872,1.5415,1.0254,93124,true,1,ready
mb_train_0312_s93125,1308,0.5211,1990,682,2,0.1057,3.5872,1.5415,1.0254,93125,true,1,ready
mb_train_0313_s40314,1620,0.3742,2226,606,2,0.0778,2.4917,1.0467,1.5021,40314,true,1,ready
mb_train_0314_s40315,1358,0.6071,2182,824,2,0.4735,3.7305,0.8418,2.5165,40315,true,1,ready
mb_train_0315_s40316,1219,0.7692,2157,938,2,0.2954,3.3153,1.4447,2.2107,40316,true,1,ready
mb_train_0316_s40317,1438,0.6898,2430,992,2,0.4248,3.6867,0.9076,1.0429,40317,true,1,ready
mb_train_0317_s40318,1302,0.7320,2255,953,2,0.1242,4.3016,0.9918,1.3334,40318,true,1,ready
mb_train_0318_s40319,1360,0.7425,2370,1010,2,0.0187,3.2508,1.9701,3.1060,40319,true,1,ready
mb_train_0319_s40320,1370,0.4389,1971,601,2,0.3229,3.5359,0.8338,2.3818,40320,true,1,ready
mb_train_0320_s40321,1360,0.6087,2188,828,2,0.4868,2.5845,1.5829,1.2406,40321,true,1,ready
mb_train_0321_s40322,1233,0.6311,2011,778,2,0.2589,3.2662,1.6104,2.8899,40322,true,1,ready
mb_train_0322_s40323,1333,0.7250,2299,966,2,0.4649,3.2392,0.7049,2.9102,40323,true,1,ready
mb_train_0323_s40324,1616,0.6946,2738,1122,2,0.1341,4.1822,1.0222,2.8983,40324,true,1,ready
mb_train_0324_s40325,1267,0.3396,1697,430,2,0.4128,3.4422,1.5356,2.2601,40325,true,1,ready
mb_train_0325_s40326,1408,0.6745,2358,950,2,0.0094,4.2526,1.3027,1.7484,40326,true,1,ready
mb_train_0326_s40327,1366,0.6142,2205,839,2,0.4943,3.6176,0.9870,3.3449,40327,true,1,ready
mb_train_0327_s40328,1518,0.5923,2417,899,2,0.1593,2.8546,0.3511,2.8253,40328,true,1,ready
mb_train_0328_s40329,1627,0.4579,2372,745,2,0.1886,2.7229,1.2393,2.3928,40329,true,1,ready
mb_train_0329_s40330,1249,0.8854,2355,1106,2,0.0241,2.9262,0.4496,1.0540,40330,true,1,ready
mb_train_0330_s40331,1505,0.9116,2877,1372,2,0.0435,2.4968,0.3033,1.2283,40331,true,1,ready
mb_train_0330_s93302,1505,0.9116,2877,1372,2,0.0435,2.4968,0.3033,1.2283,93302,true,1,ready
mb_train_0330_s93303,1505,0.9116,2877,1372,2,0.0435,2.4968,0.3033,1.2283,93303,true,1,ready
mb_train_0330_s93304,1505,0.9116,2877,1372,2,0.0435,2.4968,0.3033,1.2283,93304,true,1,ready
mb_train_0330_s93305,1505,0.9116,2877,1372,2,0.0435,2.4968,0.3033,1.2283,93305,true,1,ready
mb_train_0331_s40332,1335,0.5317,2045,710,2,0.2106,2.8016,0.7545,2.1549,40332,true,1,ready
mb_train_0332_s40333,1242,0.5963,1983,741,2,0.0322,4.3036,1.9812,1.9262,40333,true,1,ready
mb_train_0333_s40334,1221,0.4287,1744,523,2,0.1646,4.0912,1.0488,2.1025,40334,true,1,ready
mb_train_0334_s40335,1227,0.8355,2252,1025,2,0.0473,2.9639,0.7243,3.1983,40335,true,1,ready
mb_train_0335_s40336,1453,0.3275,1929,476,2,0.4460,3.8100,0.9035,1.9919,40336,true,1,ready
mb_train_0336_s40337,1474,0.4260,2102,628,2,0.1508,4.4025,1.5253,2.6142,40337,true,1,ready
mb_train_0337_s40338,1336,0.8941,2531,1195,2,0.4306,3.5243,0.5751,3.2189,40338,true,1,ready
mb_train_0338_s40339,1381,0.4460,1997,616,2,0.1148,3.0862,1.5713,2.7718,40339,true,1,ready
mb_train_0339_s40340,1312,0.3147,1725,413,2,0.0618,2.4492,1.9160,2.3148,40340,true,1,ready
mb_train_0340_s40341,1497,0.6275,2436,939,2,0.3592,3.8467,1.3769,2.3409,40341,true,1,ready
mb_train_0341_s40342,1316,0.4216,1871,555,2,0.4954,2.7007,1.9061,2.2200,40342,true,1,ready
mb_train_0342_s40343,1373,0.6291,2237,864,2,0.0640,2.7539,0.5262,1.5116,40343,true,1,ready
mb_train_0343_s40344,1301,0.7206,2239,938,2,0.4250,4.4437,0.8661,3.4517,40344,true,1,ready
mb_train_0344_s40345,1278,0.7413,2225,947,2,0.3839,3.5285,1.8890,1.4423,40345,true,1,ready
mb_train_0345_s40346,1503,0.7854,2683,1180,2,0.4069,4.4368,0.3812,2.8730,40346,true,1,ready
mb_train_0346_s40347,1321,0.3238,1749,428,2,0.3403,3.1333,1.8096,2.9780,40347,true,1,ready
mb_train_0347_s40348,1429,0.4578,2083,654,2,0.0599,4.3731,1.4953,1.5358,40348,true,1,ready
mb_train_0348_s40349,1610,0.8777,3023,1413,2,0.0364,3.0526,1.1261,1.1603,40349,true,1,ready
mb_train_0349_s40350,1252,0.8678,2338,1086,2,0.0523,3.7133,0.5212,2.8600,40350,true,1,ready
mb_train_0349_s93492,1252,0.8678,2338,1086,2,0.0523,3.7133,0.5212,2.8600,93492,true,1,ready
mb_train_0349_s93493,1252,0.8678,2338,1086,2,0.0523,3.7133,0.5212,2.8600,93493,true,1,ready
mb_train_0349_s93494,1252,0.8678,2338,1086,2,0.0523,3.7133,0.5212,2.8600,93494,true,1,ready
mb_train_0349_s93495,1252,0.8678,2338,1086,2,0.0523,3.7133,0.5212,2.8600,93495,true,1,ready
