GaiaDR3,Prob,Gmag,BPmag,RPmag,RUWE,NSS
5337842878019390592,0.700935461376817,16.339611,17.231426,15.41178,0.9560753,0
5337878474711464320,0.722160199608645,14.647108,15.159605,13.983582,0.9481003,0
5337880742453996416,0.798176285653187,15.813695,16.566662,14.971185,1.0123899,0
5337881322245000704,0.707800342617509,18.440533,19.92729,17.286814,0.9730813,0
5337882013764376448,0.779758860993879,14.806269,15.346309,14.117752,1.0485227,0
5337882391721514624,0.81672092425897,16.294128,17.162573,15.37316,1.0343463,0
5337882524811915520,0.759093781880145,12.304786,12.567975,11.882487,0.789194,0
5337883422502199040,0.725859853529156,19.374567,21.054337,18.108656,1.0327888,0
5337885896415818112,0.728709433219687,10.643674,10.750023,10.446321,0.8048594,0
5337885896415822592,0.824151769658409,15.966756,16.770176,15.08503,1.0424669,0
5337886480531300480,0.851154046058966,10.126357,10.195312,9.984013,0.7666185,0
5337888267237442688,0.789646676150216,14.726794,15.278045,14.025572,1.0197669,0
5337889126231023744,0.728070842780265,11.131582,11.305355,10.832676,0.7962087,2
5337890260102624768,0.794483867609893,13.241127,13.577823,12.7383,0.8926254,0
5337890638059585536,0.735961710075321,15.817885,16.56947,14.9498,1.2807161,0
5337890706779042944,0.790418728306229,14.550223,15.05599,13.895773,0.9911911,0
5337891290894750464,0.726548154893229,11.216072,11.380368,10.903316,0.82806575,0
5337891355267992704,0.737182062734569,13.535265,13.891743,12.988827,0.881134,0
5338521551573999872,0.712252047906229,15.765677,16.501833,14.916262,1.0206213,0
5338523711888399488,0.700275298095453,12.270121,12.549975,11.827824,1.7358115,3
5338574877892681216,0.703166537637195,14.989038,15.57201,14.241011,1.0439101,0
5338596146558739584,0.738167379734327,14.453334,14.93366,13.811453,0.92015404,0
5338601090018352640,0.719662897625799,17.937918,19.265673,16.793095,0.9447645,0
5338604392850921984,0.728133429580752,17.086533,17.839619,15.8568125,1.1366125,0
5338605870365437824,0.734326710314177,14.7994585,15.345194,14.1007595,0.9609164,0
5338611952039310976,0.77586888921425,17.329437,18.340778,16.162151,0.9925463,0
5338612329996620288,0.861332011131284,12.749434,13.048425,12.288834,0.9005383,0
5338615456733445248,0.740313814963332,16.26845,17.09562,15.318768,1.0354187,0
5338618308591464320,0.769172100756566,14.774704,15.325988,14.076619,0.9240146,0
5338619786060507136,0.726465962815965,14.399715,14.878972,13.763322,0.96182424,0
5338621263529296128,0.740236207381441,14.020363,14.440683,13.435315,0.92965895,0
5338622844077708416,0.765111022561733,15.503311,16.173792,14.709794,0.9696796,0
5338623531272568832,0.829841107286745,17.777489,19.254942,16.602829,0.9872618,0
5338623767446093312,0.733872767890864,12.502772,12.776619,12.055466,1.7368997,0
5338624390266300416,0.826637216685756,11.184884,11.350505,10.892486,0.69704485,0
5338624768183688832,0.839783050001926,17.61511,18.720125,16.315086,1.0656468,0
5338624798238236800,0.914786752927331,12.175345,12.426825,11.7671585,0.80006593,0
5338625283619443840,0.731787844451294,9.097158,9.099182,9.06371,0.93791014,0
5338625691594840192,0.703289561934602,17.318958,18.511606,16.258814,0.992326,0
5338625833375389056,0.795863598087673,15.100959,15.695695,14.362243,0.953436,0
5338625829030385280,0.776578095840549,10.222433,10.289949,10.091331,1.1598161,0
5338626692368561280,0.744720934561893,16.592575,17.561516,15.624178,1.0019611,0
5338627482642467968,0.805356291947755,14.406449,14.883526,13.769864,0.9534776,0
5338628753953058560,0.743703668527603,13.259099,13.593421,12.752957,1.744163,1
5338628857032366208,0.847044336610775,9.006625,9.012467,8.969806,0.79916006,0
5338628887047097856,0.869526169359644,7.726522,7.727192,7.6844497,0.9255321,0
5338628955767765248,0.811577052130382,13.634329,14.011689,13.0863695,0.98055524,0
5338629200629763456,0.728227686655016,10.388507,10.475289,10.224682,0.7746523,0
5338629539886503936,0.706750181857839,18.178104,19.525883,17.036055,1.0649318,0
5338629819105015424,0.890223578371737,12.197878,12.456565,11.782871,0.8739144,0
5338630162702473728,0.733671213003965,11.534494,11.731867,11.2003145,0.765807,0
5338630781178115712,0.761513620849155,15.41736,16.08628,14.631205,0.988648,0
5338631743212243456,0.808273960402049,18.360762,18.803442,16.887571,1.0608879,0
5338632705323784832,0.711478354455395,14.907942,15.474607,14.19352,0.9034108,0
5338633152000442240,0.745688329089379,13.953801,14.370472,13.374265,0.9159881,0
5338633736115861120,0.721013633994623,12.769644,13.066778,12.311791,0.8359437,0
5338634217152385792,0.731954443898262,13.573385,13.942361,13.040618,0.9385543,0
5338634247170631040,0.774190913345977,17.642536,18.98384,16.517591,1.0061237,0
5338634526389998848,0.813429978928136,13.123357,13.447489,12.622927,1.0945115,0
5338635213584387072,0.745960720265702,13.234616,13.574685,12.731446,0.9329155,0
5338635660261078272,0.857851851627474,16.34608,17.207405,15.408211,0.97856975,0
5338635758994803456,0.810336108203664,11.636405,11.842991,11.285642,0.81896013,0
5338635935138880896,0.825463704733972,15.882529,16.632341,15.007308,1.0120895,0
5338636519254622336,0.78412751918907,17.726616,18.842337,16.535885,0.97969157,0
5338636828454643200,0.713107673206928,18.11907,19.583998,16.983772,1.0425234,0
5338637137730030336,0.722892231239342,11.804196,12.025768,11.435238,0.78426075,0
5338637236464379904,0.857084777324556,13.448145,13.809912,12.924735,0.9344365,0
5338637373902504576,0.850272236887024,12.289269,12.54685,11.86812,0.7826339,0
5338637824924904448,0.807882465722146,14.586697,15.088489,13.921955,0.99866635,0
5338638683918409600,0.863461980551638,15.068316,15.671024,14.334224,1.0229026,0
5338638752637952384,0.848846919688811,14.047498,14.459787,13.437729,0.94683856,0
5338638954451890816,0.767194222515174,12.575833,12.8605995,12.132601,0.87087923,0
5338638958802149632,0.742219593821694,16.577873,17.59122,15.544378,1.1033871,0
5338639268001250816,0.737768011491597,16.874865,17.919954,15.876289,1.0045033,0
5338639714711601408,0.738809832522432,17.451117,18.739365,16.356886,1.00776,0
5338640092668310528,0.836392656028253,9.584553,9.59878,9.534819,0.6897628,0
5338640333186882944,0.912975992227076,12.774835,13.077935,12.309601,0.8295848,0
5338640470625323264,0.745461773549172,15.968784,16.776926,15.097938,0.9372131,0
5338640500638695424,0.841637009144898,12.207337,12.457618,11.803555,0.77963704,0
5338640608064194176,0.743182931105906,18.189417,19.651855,17.05455,1.1169264,0
5338641020381320064,0.795883367879681,9.878102,9.923173,9.778005,0.8457278,0
5338641123425212032,0.885224771435738,19.173044,20.811947,17.933249,1.0252146,0
5338641192179971200,0.874529704999226,12.333295,12.655626,11.838687,0.8151828,0
5338641222199174016,0.725053555283501,17.983685,19.27601,16.84927,0.9648548,0
5338641260899458176,0.824151769658409,14.983923,15.55723,14.266351,0.93651986,0
5338641570137270144,0.804900514724153,12.4723215,12.746562,12.039292,1.9778184,1
5338641845015187328,0.814620156625936,15.899517,16.677021,15.038789,0.9736257,0
5338642772728010880,0.836075500176061,16.059546,16.881073,15.173471,0.95002276,0
5338642910167026432,0.711352794980747,17.418482,18.618526,16.349722,0.9464111,0
5338643013246375936,0.897949579836602,16.997122,18.037754,15.956319,0.9859578,0
5338643391203525760,0.719661556284602,10.661753,10.7541895,10.487954,0.86012375,0
5338643528641955584,0.728675753087504,13.808943,14.296517,13.159944,1.1077945,0
5338643631721180160,0.882879358949318,14.822452,15.368292,14.125293,1.0034101,0
5338644039695195520,0.797327724372891,16.847101,17.858534,15.834582,0.9778682,0
5338644490714870912,0.803520473998795,8.287737,8.277665,8.267197,0.9446987,0
5338645074830317056,0.834379644095219,17.221455,18.135645,16.061472,1.6424491,0
5338645555866749952,0.887318637565802,9.520637,9.526314,9.487361,0.86082405,0
5338645654599400704,0.906296298027435,11.053958,11.198073,10.797982,0.7711905,0
5338646208701929856,0.735842545577083,15.62981,16.330462,14.75557,1.1098677,0
5338646483579981696,0.799487523979735,13.581977,13.963964,13.033188,1.6719227,1
5338646552299416064,0.912975992227076,15.208486,16.073296,14.252642,3.7819839,0
5338646586659199360,0.82090255540752,13.65462,14.031275,13.108676,0.9827636,0
5338646724098197760,0.972898392887207,10.7935915,10.921185,10.557368,0.799803,0
5338647033335692160,0.879396351720149,10.087566,10.149627,9.958384,0.73533577,0
5338647303866885120,0.850670356847683,10.156218,10.225975,10.015524,0.8613978,0
5338647406950674176,0.806954509350911,18.735926,20.23148,17.540094,1.0211711,0
5338647720530537856,0.825181330908727,17.065187,18.151705,15.928332,1.0520946,0
5338647956706230016,0.817375016137995,18.55601,20.09064,17.40832,1.0674254,0
5338648029768680448,0.744839903705185,13.678023,14.062771,13.128125,0.8908866,0
5338648098455887360,0.763576317166895,19.15659,20.781693,17.831612,0.97409165,0
5338648167207689728,0.765306476831678,12.4512615,12.718863,12.014595,0.85461164,0
5338648506457708416,0.762747635546235,10.335559,10.395716,10.214764,0.77780724,0
5338648579524611072,0.861037009697463,12.278973,12.539216,11.865199,0.8429844,0
5338648820042750720,0.800412424617773,15.1411495,15.755373,14.399543,0.9992391,0
5338648854402511232,0.810325943454755,11.30875,11.475038,11.02007,0.7350427,0
5338648888762282752,0.710681832550245,16.107832,16.913057,15.210133,0.9682511,0
5338649163607670912,0.765306476831678,18.230137,19.486301,17.057392,1.0452425,0
5338649335438748544,0.859058928808287,13.661178,14.040424,13.115601,0.9036093,0
5338649541597247744,0.729912767091473,10.931453,11.059372,10.698531,0.79155487,0
5338649610284586880,0.780142645673408,20.23215,21.973522,19.04703,1.025778,0
5338649747755783808,0.780889029659719,13.635052,14.010453,13.078503,0.9991458,0
5338649747755776384,0.881171016330545,10.098539,10.141072,10.010073,0.84007,0
5338650022633674368,0.825219731357532,13.960292,14.380972,13.378955,0.89330703,0
5338650091353179776,0.899692965974215,15.559059,16.263725,14.754185,1.0033243,0
5338650194432395776,0.865302716430079,14.112701,14.542861,13.516377,0.95085335,0
5338650430609022592,0.720834038705046,18.545385,20.032648,17.36423,1.0844269,0
5338650538029838336,0.863971121957753,14.0217285,14.4469185,13.437916,0.9932119,0
5338650572389597568,0.729815825782644,17.831394,19.14852,16.663603,1.1428616,0
5338650606749320064,1.0,18.340773,19.702616,17.210922,1.0844115,0
5338650744188318848,0.930094353445222,11.097283,11.2407875,10.836299,1.1923971,0
5338650847267616512,0.793646820960446,15.913249,16.67556,15.042935,1.0853564,0
5338651117797806976,0.925516656888013,8.4417,8.42597,8.431976,0.779066,0
5338651186519101952,0.977471812539831,15.153277,15.666881,14.288964,1.0496598,0
5338651637541468032,0.819696845378794,10.97657,11.105929,10.739778,0.7628187,0
5338651774980489216,0.902155309910148,16.086355,17.132622,15.018098,2.2117343,0
5338652045510742016,0.912975992227076,11.478457,11.677739,11.140854,0.8334963,0
5338652118577887616,0.872296866486377,11.320954,11.50566,11.011552,0.8954373,0
5338652256016873472,0.850615247314904,12.076157,12.322375,11.678807,0.81705785,0
5338652457833563648,0.836613508922066,17.84159,19.074425,16.732563,1.015541,0
5338652633973662464,0.79436636083706,13.979021,14.397814,13.396935,0.9552271,0
5338652664010801280,0.881171016330545,19.59507,21.194845,18.36704,1.0067881,0
5338652767065254656,0.72484744172747,11.860192,12.088889,11.484895,0.7624772,0
5338652805740074752,0.751523958237264,20.000635,21.917953,18.852505,0.9980506,0
5338653282461326336,0.91820690146427,10.609497,10.704961,10.431379,0.81716007,0
5338653454260022784,0.803866417669695,12.252909,12.5677395,11.772851,0.84928083,0
5338653767845414144,0.957204475373902,10.071212,10.120602,9.9656925,0.7862334,0
5338653802205155584,0.840193112808905,15.687015,16.411678,14.860591,0.96963745,0
5338653836564519936,0.717770349947845,15.49906,16.159851,14.702211,0.96043205,0
5338653939612942848,0.772618007173992,18.719893,18.61522,17.107203,1.151809,0
5338654278895693056,0.906210958741993,15.509452,16.201742,14.700916,1.1082082,0
5338654351960981504,0.776158985275831,9.837023,9.884741,9.731436,0.83603483,0
5338654351960982400,0.785579639506765,15.368692,15.076278,14.241214,1.0222145,0
5338654558119211776,0.962459837707961,16.447186,17.536167,15.355092,1.1470546,0
5338654661198473216,0.715241744406926,14.652389,15.16382,13.985495,0.91544974,0
5338655039155627008,1.0,9.86155,9.894397,9.787414,0.8154692,0
5338655107875129088,0.874382169917939,14.494283,14.983194,13.848518,0.9359484,0
5338655107875147136,1.0,10.38678,10.472512,10.222481,0.83173275,0
5338655176594612992,0.789968045540058,16.01306,16.82822,15.134299,0.9274555,0
5338655245314145152,0.998937231387097,12.886455,13.267041,12.317951,1.8989886,0
5338655348393288064,0.858514107601626,9.245594,9.250112,9.213978,0.8702609,0
5338655520192048512,0.85391173186021,12.575594,12.862728,12.128795,0.91540086,0
5338655584570203520,0.752570983304909,18.672127,20.252666,17.45906,1.0646288,0
5338655722002740352,0.897325976039683,12.195616,12.446716,11.790575,0.7738335,0
5338655790726793216,0.735366473301595,18.008957,19.360662,16.875378,0.9217112,0
5338655898149232256,0.865907227305398,15.109249,15.718637,14.357297,1.0047858,0
5338655928161170432,0.704978068781856,12.228724,12.48199,11.820057,0.8754378,0
5338656099962080896,0.888139351887388,12.34267,12.645993,11.873609,0.96589535,0
5338656241746646016,0.762100018634762,15.63778,16.360012,14.821078,0.9915503,0
5338656310466218368,0.773291685549943,13.608162,13.957634,12.994587,0.98254347,0
5338656310466146176,0.783633128886718,13.414476,13.772511,12.889278,0.9613671,0
5338656310466150016,0.81309032850825,14.608756,15.148208,13.891913,3.1215672,0
5338656344795175936,0.851259630220141,18.13739,19.465895,16.993242,1.0889027,0
5338656477916975104,0.875809042643254,11.747595,11.962098,11.387522,0.7728054,0
5338656684075397376,0.735959153295296,9.748195,9.7831955,9.665376,0.82260215,0
5338656821514375040,0.709896981991255,11.761152,11.979683,11.399013,0.93533015,0
5338656855874114176,0.905530829095528,11.7048025,11.921806,11.341295,0.74391294,0
5338656860222332800,0.977471812539831,15.790236,16.532925,14.953889,1.0590986,0
5338657100740474112,0.896230366513085,10.7007,10.81599,10.488402,0.74928564,0
5338657169460008064,0.704375499123758,8.025112,8.060064,7.914399,0.9097336,0
5338657375618480384,0.888915497562539,12.028834,12.268259,11.639335,0.8618921,0
5338657478697698560,0.818968472624337,13.542815,13.914439,13.003462,0.8707325,0
5338657547387490432,0.860607961083065,18.651592,20.188133,17.453428,1.0575423,0
5338657616137080960,0.871024198191159,13.605344,13.98003,13.063635,0.9457238,0
5338657646150200192,0.717163399063304,17.12811,18.194654,16.095875,0.9326098,0
5338657783587036032,0.74519871830109,11.496684,11.684186,11.176299,0.80464673,0
5338657856654734720,0.991876934973668,14.230618,14.680997,13.617588,0.9218511,0
5338657886672480768,0.899692965974215,16.123482,16.924122,15.20654,0.97611517,0
5338657925374197632,0.782906310394938,10.959292,11.090416,10.725071,0.88024986,0
5338657959733969536,0.76661318361507,12.141655,12.385083,11.7363405,0.81357425,0
5338658097172882304,0.917269429243722,8.812638,8.837061,8.732131,0.83108354,0
5338658268971641088,0.862313016365712,13.94645,14.380594,13.337014,1.383895,0
5338658406410641280,0.806746688282092,17.423935,18.621468,16.364887,0.9885787,0
5338658578209340672,1.0,13.877428,14.259112,13.283987,0.9748311,0
5338658681288530688,0.896711786019811,15.173372,15.795944,14.370352,4.111242,0
5338658681288546560,0.977471812539831,12.256683,12.511803,11.848254,0.8068174,0
5338658681288548352,0.73973157776862,14.905005,15.466166,14.200931,0.9581674,0
5338658681288553856,0.743880736607919,12.283995,12.540783,11.873035,0.8795585,0
5338658745659705344,0.90639073713825,9.640453,9.664932,9.574081,1.1114509,0
5338658780019444736,0.977471812539831,12.184675,12.432123,11.784209,0.94164836,0
5338658853087265920,1.0,14.799347,15.327372,14.11952,0.942279,0
5338658921806764672,0.842997782532309,14.694779,15.214431,14.014152,0.9339253,0
5338658956166512000,0.808889274814516,13.875498,14.278082,13.302688,0.9382366,0
5338659127965237632,0.981322500277001,13.959886,14.368611,13.381476,0.9207527,0
5338659295415520384,0.766480185642869,10.468983,10.549237,10.317995,0.95439464,0
5338659368483430912,0.95252184904014,9.774908,9.812642,9.684593,0.8126813,0
5338659398494731904,0.820803375806657,10.352764,10.439761,10.186433,0.78056675,0
5338659505922421120,0.8953191077191,7.79215,7.781554,7.7701077,0.804173,0
5338659535933686016,0.743027759405319,12.112465,12.350982,11.658874,3.0427258,0
5338659883879549696,1.0,13.903183,14.314824,13.326733,0.928939,0
5338660051329762048,0.913146073016782,12.217844,12.474184,11.806792,0.8680012,0
5338660120049235072,0.770472195282009,10.037605,10.098415,9.90682,0.7949743,0
5338660227476877056,0.756879578934641,7.485672,7.9561896,6.842227,2.735557,0
5338660261836641280,0.914947028640398,15.725542,16.461218,14.887301,0.998176,0
5338660291847928448,0.97177020522758,12.545407,12.830158,12.102516,0.8784253,0
5338660330556069248,0.98980485788048,9.241294,9.273175,9.165323,0.80338615,0
5338660364915795968,0.951357115603352,15.102797,15.704372,14.363294,0.97009075,0
5338660399275946496,0.707487560671824,14.142386,14.582247,13.54278,0.93799657,0
5338660433606049536,0.72484254120465,17.292547,18.48914,16.217367,1.0084133,0
5338660502354794240,0.862249206080776,11.946537,12.25204,11.476659,2.0822558,0
5338660502325564544,1.0,18.225786,18.649668,16.846138,1.0895057,0
5338660674153534848,0.875939063569733,7.206558,7.729718,6.528482,0.7857295,0
5338660704171443072,0.897325976039683,9.829727,9.8754,9.723028,0.8536129,0
5338660738531181696,0.773610358233354,17.5792,18.703926,16.45716,0.9987108,0
5338660777232758528,0.917998644365464,9.500816,9.537337,9.409085,0.8221372,0
5338660811592507648,0.881794715331042,14.602309,15.101564,13.932791,0.95808,0
5338660807243994112,0.751013327355534,9.850658,9.87003,9.796571,1.2050536,0
5338660845952209920,0.939362450741169,9.260557,9.288757,9.181299,0.8419916,0
5338660880311963776,0.819288564518789,9.118314,9.125397,9.0783415,1.4880544,1
5338660949003562112,0.914171207142825,18.626717,20.234694,17.421171,0.9361329,0
5338661086470654336,0.706482861747251,10.347827,10.408491,10.222437,0.7701529,0
5338661155189635968,0.879352337168949,14.259522,14.718374,13.638049,1.015316,0
5338661292628615552,0.865529659374315,14.907544,15.471105,14.201993,1.0098821,0
5338661425719301888,0.865668304424469,8.5574,8.5467205,8.542984,0.82048666,0
5338661430039157120,0.868911297165019,19.592188,20.835852,18.374285,1.0748395,0
5338661460079038976,0.762921317234298,9.330296,9.35028,9.266088,0.8658508,0
5338661498787354368,0.841258147839818,13.723861,14.110178,13.17058,0.92671525,0
5338661567476891904,0.847286027513101,17.870281,19.375217,16.701385,1.0373536,0
5338661636226329216,0.919340726496005,11.184182,11.349453,10.89383,0.73775774,0
5338661631880131712,0.834901005542421,15.961198,16.91976,14.991184,1.0131881,0
5338661704945529856,0.839920375818937,9.879023,9.908727,9.806428,0.74245375,0
5338661773665473536,0.866316367967287,13.58013,13.952992,13.042453,0.92154455,0
5338661808024777856,0.832696787368526,8.913376,8.926033,8.857903,1.3226573,0
5338662082902968320,0.945525312637356,13.2812,13.628441,12.769186,1.0308639,0
5338662147297759616,0.89619185316565,16.201986,17.020893,15.275143,1.0169199,0
5338662220341818112,0.912975992227076,17.269114,18.447847,16.223682,1.0175129,0
5338662254672703360,0.851259630220141,14.69596,14.980345,13.92615,1.1392509,0
5338662289061289472,0.944824641781045,8.19431,8.189199,8.167455,0.80967647,0
5338662323421039104,0.784584424265964,12.841857,13.148143,12.372396,0.890211,0
5338662529579448832,0.843595663243493,13.527909,13.9883175,12.893131,1.0310681,0
5338662593956820736,0.795545654178511,19.270298,20.826761,18.074541,1.0047097,0
5338662667018417280,0.945525312637356,14.1861515,14.629294,13.580655,0.97842026,0
5338662667018408448,0.98980485788048,12.6753845,12.963248,12.2212925,0.9107995,0
5338662735737873792,0.843794752606837,8.642959,8.67498,8.54579,3.2143466,0
5338662804457415296,0.714623603536708,15.2220125,15.842141,14.459739,1.007373,0
5338662838817123328,0.762740200014555,16.452003,17.322165,15.51214,0.99064946,0
5338662873176876544,1.0,9.319536,9.3334,9.271788,0.84008646,0
5338662976256102528,0.839952502509855,9.53802,9.5738125,9.445503,0.819259,0
5338663040626991488,0.777805733395084,11.8092785,12.032162,11.440558,0.8091016,0
5338663074989306880,1.0,12.898137,13.206254,12.429446,1.0206764,0
5338663143706203392,0.706877478436309,11.885247,12.112952,11.507093,0.8132358,0
5338663148054751872,0.957204475373902,12.966712,13.276958,12.492335,1.0286971,0
5338663216774252800,0.776089175026791,8.3450165,8.333833,8.329306,0.95083714,0
5338663251133967616,0.875939063569733,10.580722,10.675562,10.407891,0.8662502,0
5338663251133957248,0.802492797508129,17.866045,19.33102,16.607485,2.054795,0
5338663418584112512,0.714196878257833,12.4151945,12.682795,11.991132,0.9840726,0
5338663452946373120,1.0,14.585714,15.238862,13.811145,0.9751972,0
5338663526012037376,0.728809405503998,13.806339,14.199379,13.246611,0.9782876,0
5338663663450924544,0.743278499696311,13.317072,13.659092,12.809002,0.8788971,0
5338663697810672896,1.0,9.547851,9.559004,9.505861,0.88455576,0
5338663697810677504,1.0,12.666427,12.960989,12.204249,1.7128292,0
5338663727825374976,0.700268764100518,17.565344,18.898888,16.469599,0.9984827,0
5338663830900967296,0.983049622240818,10.676085,10.791906,10.457275,0.8784979,0
5338663869609445248,0.867483909635765,7.9327984,8.409139,7.2881737,0.93923753,0
5338663938328901504,0.779882573091196,15.226513,15.849137,14.466854,1.0292937,0
5338664110127617280,1.0,12.128771,12.376081,11.73024,0.8716032,0
5338664277577565056,0.795162898630982,13.339563,13.692059,12.822179,1.0323839,0
5338664281926278272,0.735474487123685,14.428814,14.916782,13.783445,0.9180173,0
5338664281926283904,0.704609590038175,8.769413,8.759415,8.758084,0.86743027,0
5338664281926284032,0.803677024674883,9.439559,9.470035,9.35669,0.9049344,0
5338664311940003840,0.724160124101292,13.212846,13.543079,12.706891,0.91839266,0
5338664316286031616,0.788501567391281,16.627743,17.605312,15.666219,1.0003575,0
5338664380656777600,0.820688045078155,10.606189,10.698059,10.430546,0.70149267,0
5338664453724900608,0.868911297165019,12.360703,12.626776,11.932555,0.9950758,0
5338664518102378880,0.858766541130831,18.446344,19.835854,17.176804,1.0125052,0
5338664552455473408,0.760138138006022,10.471891,10.5616255,10.299767,0.9267466,0
5338664694243004800,0.872896734899649,17.12175,18.311483,16.035349,1.1636407,0
5338664797322221440,0.944514153298664,14.956362,15.508466,14.222532,1.0909942,0
5338664866041731840,1.0,12.688572,12.984369,12.233586,0.89949083,0
5338664896057616256,0.83908151057214,18.397919,19.92155,17.247911,1.0749425,0
5338664900401434368,0.871748525999907,13.9132395,14.319226,13.335037,0.9681232,0
5338664964775038208,0.952274186197,13.202737,13.540412,12.699486,1.0067683,0
5338665067851545600,0.833133573072064,11.182725,11.348068,10.893253,0.81071323,0
5338665175279432064,0.760267677088349,11.441069,11.003354,10.38174,1.6624733,0
5338665243998861312,0.885472069223648,16.915863,17.902542,15.893384,1.0243742,0
5338665411451709440,0.814471156902935,14.839286,15.368372,14.136635,1.1828912,0
5338665759372121856,0.709483652477828,10.82075,10.962306,10.560439,1.822772,0
5338668061498158080,0.704924323812147,13.930384,14.349194,13.349359,0.9050526,0
5338668233297135488,0.791449923038654,13.118064,13.396372,12.548806,1.3047526,0
5338669195369746560,0.755437178532842,17.765553,19.038193,16.68968,1.0521268,0
5338673902653577472,0.740190534307152,12.993846,13.307918,12.516284,0.92862344,0
5338673967025400704,0.74573762906819,15.712464,16.411259,14.854436,1.0102183,0
5338675173964923008,0.802848721304788,13.85689,14.259512,13.289619,0.9447374,0
5338675650656702080,0.726270381374584,17.635712,18.583399,16.449059,1.0328277,0
5338676685793473664,0.709657812592097,12.595782,12.880484,12.150966,0.86333257,0
5338676926315346816,0.796941118705543,13.342632,13.751658,12.759808,2.5007997,0
5338677338628485760,0.722892231239342,10.231702,10.305479,10.085944,0.8119497,0
5338678816097010688,0.70364341194043,18.207804,19.542276,17.054281,1.054689,0
5338679052265109376,0.714556735527503,12.932111,13.24291,12.460568,0.94913375,0
5338679159694191616,0.718316235185481,16.669155,17.851763,15.584359,1.0797243,0
5338679705106268544,0.765593432111423,19.231333,20.984682,18.012486,1.0439183,0
5338679778169530880,0.780844781417604,11.094737,11.244521,10.82987,0.88800794,0
5338680912040901760,0.756603772751582,16.05828,16.883942,15.171274,0.9707295,0
5338680912040907776,0.784125565466354,15.488473,16.14394,14.650074,0.99859875,0
5338680946400660480,0.859059008400283,9.280571,9.298607,9.224514,0.88271105,0
5338681049479884672,0.791449923038654,14.842185,15.390517,14.139568,1.0356371,0
5338681186918813312,0.705855731929215,12.966383,13.323679,12.43598,3.4340217,1
5338681358717550976,0.896456228136193,14.059365,14.604459,13.369394,0.91834986,0
5338681599235747584,0.739012605942767,16.857693,17.719305,15.797066,0.9239429,0
5338681839753909376,0.831112611762381,15.749875,16.501892,14.907921,0.99362934,0
5338683076708358912,0.801314954261754,10.278059,10.339337,10.160298,0.8940839,0
5338686684477666048,0.708968860889862,16.37265,17.269642,15.443666,0.9623904,0
5338690635819493120,0.700985909913361,12.647898,12.897365,12.163533,1.270968,0
5338692590002009344,0.734000023631065,10.173373,10.245701,10.026564,0.75454545,0
5338692658725467904,0.701044320979824,17.749348,18.988983,16.623297,0.98456454,0
5338692697432449664,0.757061222235899,14.901067,15.467642,14.192224,0.97494596,0
5338693625145334272,0.76334653859919,12.996858,13.31478,12.510214,0.84224004,0
5338694209260957824,0.827579474261618,9.286575,9.293168,9.246663,0.7890613,0
5338694243620707072,0.780844781417604,12.272839,12.533497,11.854106,0.9106614,0
5338695514931018368,0.743474269387783,14.406875,14.876565,13.780345,1.0288671,0
5338695892888207488,0.768490573540199,15.185712,15.807614,14.428192,1.021107,0
5338696197774510208,0.754113072050599,11.859074,12.083944,11.486917,0.798607,0
5338696854960746112,0.708526062634553,15.711509,16.468266,14.873691,0.9403177,0
5338697335997118976,0.747112105808954,15.327932,15.985891,14.548427,0.99725187,0
5338700394013955072,0.772428664399311,13.789881,14.189153,13.223847,0.91774285,0
5338701012479141248,0.740481991916103,9.57969,9.593885,9.534611,0.80857295,0
5338701321716831232,0.741226726313031,15.7729645,16.694618,14.826979,1.012065,0
5338701493515547392,0.722547297114074,10.596207,10.68818,10.426078,0.9062682,0
5338701527875246592,0.729503724944784,9.955453,9.950438,9.810961,0.77555263,0
5338701630954436992,0.784650597189669,15.790251,16.552856,14.944122,0.96960557,0
5338701768393409152,0.869030533342228,12.956649,13.270132,12.480425,0.99436533,0
5338702107651705088,0.83656532041158,12.987566,13.304067,12.505258,0.98172444,0
5338702352508929408,0.754715394990002,17.90598,19.22542,16.80369,1.0426342,0
5338702352508923264,0.81238390140028,15.589722,16.443066,14.676837,1.2686596,0
5338702386868676736,1.0,10.676302,10.861904,10.353867,1.1623768,0
5338702421228391936,0.744748767914177,11.303031,11.473123,11.00755,0.86648107,0
5338702489947892608,0.715406806237995,16.327477,17.20229,15.402698,0.9727792,0
5338702489947425792,0.811525783599498,12.17656,12.428142,11.769158,0.81420636,0
5338702623050214144,0.734809910844492,18.333178,20.067839,17.122454,1.0904888,0
5338702833544821376,0.817513877781123,12.104434,12.351015,11.705561,0.91823196,0
5338702867904568704,0.891986446272028,13.787437,14.140526,13.158912,4.3309026,0
5338702902264853248,0.826737289024758,13.287255,13.631284,12.77194,1.0291132,0
5338703005344054400,0.872382169456915,14.955913,15.51604,14.214423,0.9321105,0
5338703074063561088,0.75511679359122,10.74935,10.857571,10.549044,0.7935921,0
5338703104086575232,0.797241143218417,8.2087,8.20683,8.179268,1.0053803,0
5338703211499277696,0.702083631479245,17.821543,19.134254,16.685884,1.0015246,0
5338703310242747776,0.827741281891043,12.62992,12.917193,12.18227,0.9062166,0
5338703623819404160,0.865757678336703,16.40106,17.323845,15.4600115,1.0430368,0
5338703658179118720,0.772358075386879,10.264268,10.32024,10.149909,0.8892969,0
5338703726898560384,0.70553780387657,16.372765,17.246391,15.4436865,1.0524008,0
5338703722559666432,1.0,15.826345,16.708948,14.839677,2.823515,0
5338703829977301248,0.887935430683969,15.048557,15.617179,14.307436,1.0172398,0
5338703967416289280,0.779151609777306,17.662025,19.093597,16.52374,1.0129186,0
5338703967416293376,0.71985329653775,14.671906,15.200346,13.967048,1.1037642,0
5338704001775943552,0.796803091041607,11.969678,12.207012,11.581966,0.77283895,0
5338703997441534720,0.803761790205296,13.929827,13.999843,13.256173,1.3838583,0
5338704070495410304,0.875239462312787,8.045014,8.031541,8.028853,0.8511519,0
5338704134874084352,0.921104698054364,12.656582,12.941891,12.181048,0.96350664,0
5338704173574662400,0.98980485788048,15.234528,15.856004,14.482607,0.96182394,0
5338704585891552000,0.803816989514424,15.903925,16.833323,14.948172,1.1544704,0
5338704650274848896,0.760267677088349,18.219515,19.414703,17.016415,1.8457509,0
5338704654611027712,0.768209265609252,18.041582,19.418272,16.881546,1.0076607,0
5338704723330530048,0.751432209598352,15.778129,16.543861,14.924389,0.8953873,0
5338704826409715200,0.977947454225394,17.084257,18.133335,16.064222,0.93082637,0
5338704860769458048,0.82031434385248,15.903547,16.688831,15.039626,1.0111688,0
5338704860769467008,0.887044151863545,16.275978,17.054,15.225158,1.0894285,0
5338704895129188352,0.912975992227076,11.783595,12.009161,11.408935,0.80464476,2
5338704929488942464,0.856561205989639,13.530359,13.892679,13.00493,1.0018548,0
5338705200028286464,0.868049956416616,13.635989,14.014127,13.093056,0.9588799,0
5338705444884865024,0.849672461026822,13.855441,14.262405,13.276678,0.9444438,0
5338705509263621632,0.841932842471372,12.193315,12.449798,11.77759,0.8212845,0
5338705719763247232,0.790953926803028,11.647565,11.854375,11.298335,0.7688036,0
5338706235158852224,0.827096703464014,15.761103,16.511059,14.916893,0.95782286,0
5338706368257076352,0.86196262733041,10.580086,10.668197,10.338549,0.78693104,0
5338706578755694208,0.946664255572183,17.209885,18.378662,16.154354,0.9330423,0
5338706647475740288,0.868333225991372,15.325634,15.97106,14.555896,0.9355035,0
5338706819268296064,0.927591341409466,16.304932,17.183495,15.378837,0.95133877,0
5338707021096178560,0.857657617343117,18.853752,20.249012,17.602575,0.98660535,0
5338707089816577408,0.841035154273563,18.326014,19.718313,17.14453,0.95013434,0
5338707261612950912,0.741764597460639,16.540043,17.457005,15.594594,0.98348856,0
5338707472109552896,0.791400868148794,11.828924,12.0533695,11.458922,0.8290983,0
5338707850066689280,1.0,10.874973,10.989782,10.661387,0.79138,0
5338708021865428096,1.0,12.603096,12.884243,12.16227,0.8211583,0
5338709121376508160,0.902188109145269,9.934114,9.989216,9.815231,1.2485496,0
5338709190096004096,0.703234337978066,16.987747,18.262363,15.8273735,2.457364,0
5338709220115348224,0.854719815710899,12.091605,12.33961,11.690129,0.88135785,0
5338709224455685888,0.84726623688586,11.566363,11.770082,11.2218075,0.78279316,0
5338709602413876224,0.879352337168949,14.628786,15.137694,13.96518,0.94281214,0
5338709671133366656,0.76044570665173,12.582234,12.863929,12.140591,0.8670716,0
5338709705490314624,0.839952502509855,11.259329,11.463198,10.918542,3.0901291,1
5338709739852384000,0.717104348157475,16.112509,16.89713,15.146518,1.1373537,0
5338709808571831808,0.963698555577709,11.317989,11.48874,11.025352,0.88134634,0
5338710083450233216,0.813177087451123,11.089985,11.240403,10.8207445,0.85978323,0
5338710083450231936,0.790076300317701,14.386626,14.861462,13.751709,1.0201246,0
5338710113471162880,0.890940344605398,13.438995,13.803718,12.909309,1.0216687,0
5338710113468550272,0.836613508922066,11.683095,11.89657,11.326226,0.7480351,0
5338710255248925184,0.765172411702842,14.609581,15.117796,13.947135,0.9155799,0
5338710530126405632,0.796117267312215,10.25711,10.316511,10.139718,0.8655125,0
5338710839358514688,0.757987997341216,17.360361,18.396725,16.24889,1.0221733,0
5338710873723718784,0.778578892999088,12.943763,13.256495,12.46835,0.9878184,0
5338710908083475584,0.777170053141268,13.656399,14.030972,13.105454,0.9278815,0
5338711045522449664,0.742503184978818,16.038967,16.790062,15.132415,1.079867,0
5338711079882184064,0.753046214013943,16.180042,17.243082,15.149629,1.0157117,0
5338711079882177536,0.91171991211665,11.745151,12.019498,11.311719,0.8357545,0
5338711114241927552,0.780091156684642,13.357103,13.706199,12.842011,1.0936388,0
5338711182961430912,0.78012620401,14.496116,14.978758,13.849522,0.963463,0
5338711217321161472,0.719122179322338,10.8174095,11.0225725,10.468371,0.9118936,0
5338711556582342528,0.810446165957694,18.362196,20.006376,17.145277,1.0396419,0
5338711732717293952,1.0,10.910003,11.044473,10.668977,0.8615007,0
5338711732712047744,0.825607176056936,10.472854,10.558221,10.3094015,0.9595068,0
5338711767077009664,0.770586831585642,14.970654,15.557294,14.244565,1.0448709,0
5338712248113407360,0.747894519402891,15.710637,16.444328,14.881828,1.0046395,0
5338712351192633728,1.0,13.906823,14.302431,13.301084,0.96662706,0
5338712557351068544,0.705362438893447,15.671979,16.673317,14.673944,1.0439286,0
5338713244545818624,0.838153590213957,15.668364,16.395811,14.845814,1.0205066,0
5338713347625048576,1.0,14.483489,14.980559,13.828096,0.94049317,0
5338713863020720896,0.731716866728791,10.076254,10.111954,9.995005,0.8221858,0
5338714408435837696,0.924270442920644,12.462822,12.73579,12.032582,0.8898155,0
5338714618935303808,0.777291626579667,10.676572,10.769678,10.498935,0.86679983,0
5338714683316594304,0.758120930447503,13.193404,13.527655,12.69277,0.9159342,0
5338714722013946496,0.832547393729601,9.037602,9.0387535,8.98129,0.97976714,0
5338714756373717504,0.884560147157543,14.650167,15.161252,13.985732,1.0218115,0
5338714962525372160,0.783534348494518,10.0235195,10.066512,9.934944,0.9690445,0
5338715168683466240,0.828779019509696,19.343452,20.916817,18.124857,1.0716895,0
5338715203062617856,0.795603418830238,18.693237,20.236279,17.511389,1.024838,0
5338715443568448128,0.859075415385955,13.171534,13.50198,12.675179,0.9274154,0
5338715615367152384,0.802969346753069,15.1150055,15.750775,14.34897,1.2461764,0
5338715890245069696,0.808545824082397,11.039766,11.18838,10.774879,0.9097213,0
5338716165123043456,0.701302064620275,16.551205,17.48132,15.596686,1.0225418,0
5338716405641235968,0.824226919014699,14.117924,14.552694,13.520717,0.9043675,0
5338716646171733504,0.954272769491461,10.352389,10.433932,10.194124,0.97705215,0
5338716641821714048,0.92169791320247,16.722282,17.71315,15.6948395,0.9747529,0
5338717024128880128,0.71796422163329,10.611112,10.705166,10.436017,0.8186325,0
5338717195915207424,0.857968433941004,9.215367,9.228951,9.1738615,1.7233878,0
5338717436433437440,0.851714401151684,10.226081,10.297729,10.085591,0.8668167,0
5338717466457384832,0.828546014116849,18.515842,20.098387,17.275835,1.021551,0
5338718948261557248,0.757407810240437,14.10636,14.559514,13.478846,1.1098446,0
5338719291858962176,0.711666414594236,14.576261,15.093394,13.905568,1.3831364,0
5338720528809570176,0.951170745332203,17.207504,18.296602,16.178738,0.9758106,0
5338720627555065216,0.771594332595621,17.455238,18.646147,16.385334,0.994268,0
5338720734968032896,0.892538517194078,14.279156,14.741051,13.656621,0.93890333,0
5338720769327724416,0.933352742000544,13.134459,13.463778,12.639755,1.0072287,0
5338721108587638912,0.761974301390394,13.794322,14.175899,13.173111,2.4928288,0
5338721147297325056,0.809845598117058,15.952713,16.317427,14.5802355,2.0314329,0
5338721349109732480,0.869585405632436,19.014439,20.546219,17.81194,1.1098806,0
5338721593961452416,0.800680208905794,10.658564,10.76047,10.47341,0.77714217,0
5338721731400439808,0.849995102296984,14.980579,15.563605,14.253284,1.03774,0
5338722414261603968,0.766787610044401,17.537037,18.687828,16.439856,0.96311516,0
5338726816641762304,0.823402913723379,11.108691,11.248278,10.856942,0.8236095,0
5338727675635355520,0.828546014116849,11.7612705,11.981862,11.393662,0.90059566,0
5338728019232752128,0.731192259647105,13.856702,14.260126,13.28793,0.95645624,0
5338728053592493568,0.826951455492438,11.735932,11.956584,11.3695345,0.8751822,0
5338728637708002560,0.891834892222682,12.474197,12.749341,12.040205,0.9105556,0
5338729084384618624,0.80346059200388,14.395259,14.872612,13.761023,0.9291188,0
5338729256183384704,0.702987281496701,10.142736,10.186165,10.053287,0.9921601,0
5338729702860032128,0.741859976738776,14.431491,14.914755,13.789353,0.98929507,0
5338730424414520576,0.799141265939681,9.620684,9.633776,9.574986,0.8338856,0
5338730493133988608,0.750854372206753,15.93598,16.726007,15.061052,0.9889258,0
5338731764444148864,0.775857495188992,14.449063,14.936957,13.804359,0.9420115,0
5338733826028648192,0.702133598876674,16.606804,17.546705,15.652265,1.0277373,0
5338733963467566080,0.73294476094302,11.1108885,11.257265,10.850743,0.8818036,0
5338735062979208320,0.705936451982494,18.703089,20.28478,17.510622,0.96709263,0
5338783613285749504,0.701044320979824,13.787574,14.19278,13.219425,1.045739,0
5338877376673656320,0.715793193985601,15.04056,15.326725,14.0923,1.2965196,0
5338879786183149440,0.732829065602024,14.985477,15.550561,14.26195,0.98724,0
5338887512796656000,0.702678413456174,16.327961,17.218811,15.401197,0.97878623,0
5338887650235390208,0.743420544847886,12.139185,12.388362,11.736073,0.8697625,0
5338912393576000896,0.719886322641453,10.490248,10.592421,10.298853,0.8956074,0
5338912977691491968,0.718597132488248,17.099886,18.228933,16.034708,0.93225956,0
5338915760830527360,0.821042126351342,14.0887575,14.521515,13.492539,0.9406266,0
5338923594851388544,0.793815362420033,10.183764,10.226838,10.091572,0.7644809,0
5339376456222673792,0.705636795757097,14.629832,15.2875805,13.848019,0.9516379,0
5339381988141452800,0.784951880018264,17.549753,18.909046,16.36559,1.1517735,0
5339383152027861504,0.752354804586808,13.478421,13.847733,12.939959,0.94778,0
5339384324603338624,0.748112213875755,11.792795,12.013436,11.42284,0.7508736,0
5339388069816152192,0.821190839567639,16.736582,17.729746,15.763168,0.9966889,0
5339388413413089280,0.789646676150216,11.700949,11.91677,11.341151,0.728382,0
5339388894449565952,0.82773670142104,13.95704,14.377253,13.375821,0.9974435,0
5339389061904738816,0.730267973790576,19.529213,20.935434,18.287195,1.0392497,0
5339390406278127104,0.767864065576707,13.312487,13.6611595,12.793904,0.9063056,0
5339391230888562048,0.748723798595222,20.132593,21.64767,18.923048,1.0659016,0
5339391402710307328,0.702145778511803,15.250397,15.889702,14.48538,0.9886754,0
5339392777075085952,0.743232792080384,19.165585,20.587515,17.912966,1.0265746,0
5339393292496113408,0.785754060239836,16.798037,17.790606,15.798429,0.9595335,0
5339393292501472768,0.741011359403178,15.172002,15.788322,14.427173,0.94382334,0
5339393872266415872,0.828686981091637,17.691133,18.872286,16.554338,0.9973096,0
5339394151489779456,0.71646022090616,14.6645155,15.178634,13.994089,0.9352119,0
5339394426367694080,0.891963812158439,13.360766,13.709946,12.844015,1.0442799,0
5339394632525985920,0.81139687703723,14.340057,14.801299,13.701033,0.99149406,0
5339394769964908928,0.945316648878055,9.059875,9.060192,9.031436,0.7486413,0
5339395319720845696,0.738092564370442,13.289827,13.712231,12.678684,3.3221605,0
5339396041275855360,0.773258992543472,13.652444,14.030901,13.106206,0.89060146,0
5339399988299895296,0.8690410011999,14.928944,15.466267,14.201405,0.9301774,0
5339400095724962048,0.726968319862035,14.304788,14.75746,13.668475,0.9164865,0
5339401298315865344,0.802851218249409,7.9288044,7.9651847,7.816558,0.9252987,0
5339401878083600256,0.728070842780265,14.136347,14.665906,13.454539,0.9578317,0
5339402599637990528,0.757225714191057,9.891987,9.919276,9.826534,0.93519026,0
5339403291180883584,0.910802230803701,12.23771,12.493238,11.827777,0.8183427,0
5339403497339360768,0.799838049293793,15.918243,16.711159,15.038064,0.9830844,0
5339403600397255168,0.718749840624338,17.404678,18.181803,15.895729,1.2189085,0
5339403634778261888,0.793607389214105,11.793488,12.021783,11.413414,0.9234175,0
5339403664805262592,0.898449383511549,11.98528,12.223195,11.598022,0.7714427,0
5339403772217272192,0.885176147211108,16.027851,16.846384,15.148425,0.97619337,0
5339405112247752192,0.705202828199705,11.976543,12.210087,11.593144,0.7503127,0
5339423082375791104,0.798548887601817,19.549807,21.323114,18.383234,1.0984862,0
5339424937818176000,0.709055018431119,15.826046,16.608858,14.96232,0.98200274,0
5339427824036169088,0.90268852096189,16.097567,16.907757,15.192205,1.0297408,0
5340143812205915520,0.709989015141319,18.236076,19.477184,16.978508,1.0315927,0
5340143949689261696,0.80360116192098,13.325035,13.714937,12.749258,2.7648876,0
5340144018408744192,0.718145314890367,13.283435,13.624172,12.774845,0.8936998,0
5340144117155872768,0.758538424942985,17.961958,19.421856,16.85797,1.0253103,0
5340144465085178368,0.839526695281723,18.725916,20.075901,17.475294,1.0233091,0
5340144911761908480,0.87396257064337,16.620045,17.46195,15.594667,0.9748757,0
5340145289719080064,0.943019431605173,10.948952,11.092544,10.6924305,0.8586276,0
5340145354106484992,0.892772184795332,18.10396,19.478737,16.996191,1.1192069,0
5340145427158100864,0.818119990965912,14.917929,15.485172,14.211351,0.98499674,0
5340145427158116864,0.924119092551229,10.612824,10.702556,10.444267,0.8388145,0
5340145667676358272,0.797841678990379,18.364876,19.92508,17.171383,0.95453537,0
5340145873834802304,0.757160566897611,17.37035,18.541498,16.283587,1.0094693,0
5340146526670002432,0.808414039384184,15.6565895,16.379198,14.8235,1.0240133,0
5340146801547783168,0.901472739245236,16.28831,17.157284,15.36576,0.9302841,0
5340146973346422400,0.824668988169493,14.264432,14.719368,13.648724,0.9414919,0
5340147007706228352,0.716346749419769,18.005737,19.312403,16.856394,0.941749,0
5340147248224472960,0.8001089778785,15.023143,15.777009,14.179656,0.9608411,0
5340147351303730176,0.873325744501219,10.4812155,10.55635,10.335316,0.8246763,0
5340147557462156544,0.703707155477168,11.330226,11.51001,11.026465,0.8894792,0
5340147797979862912,0.87558439823717,9.967274,9.998478,9.897995,0.8860841,0
5340147901059140480,0.775699678508155,15.646494,16.460632,14.712594,0.9856094,0
5340148072857787392,0.756205451437994,18.332281,20.080547,17.120596,1.0596704,0
5340148171605016320,0.736120473190806,19.358486,21.307438,18.139738,1.0463507,0
5340148309039761280,0.887943322097767,15.799604,16.809574,14.797717,1.0087339,0
5340148760053027840,0.835121719177879,10.355484,10.419842,10.231544,0.8156075,0
5340148794412279296,0.870821057390312,15.371624,16.028461,14.59285,0.9655061,0
5340149206729221760,0.793986371101587,14.210431,14.656215,13.600167,1.0154424,0
5340149241088915712,0.771050820938796,8.61242,8.612465,8.57283,0.92370903,0
5340149241088926720,0.737652555845738,15.244215,15.8411875,14.439715,0.98221713,0
5340149275448709760,0.757053729031677,15.266774,15.883517,14.46374,1.0990331,0
5340149309808437888,0.840014489498627,11.4314995,11.6271105,11.099345,0.8784209,0
5340149825204669184,0.784650597189669,9.762612,9.853335,9.580209,0.9009089,0
5340149825204658944,1.0,14.149529,14.589811,13.549889,0.9354197,0
5340149928283894528,0.936578801809707,12.795917,13.100797,12.332522,0.890703,0
5340149962643652480,0.849378934343891,15.3376,15.965823,14.53662,1.000049,0
5340150100082689408,0.745106051815175,16.477951,17.378225,15.509901,1.0036185,0
5340150374960612096,0.91065984157081,14.624854,15.143339,13.954397,0.9189298,0
5340150443680126848,0.945525312637356,17.088577,18.15756,16.085855,0.97323686,0
5340150679861560192,0.879352337168949,10.756,10.872712,10.5371895,0.8176557,0
5340151027795537280,0.773546762886022,12.853411,13.175053,12.365963,3.8573594,1
5340151126542581120,0.788568661383841,17.425402,18.513206,16.319761,1.0466795,0
5340151337033203456,0.922367553579672,10.603888,10.712167,10.401565,0.98866874,0
5340151401416814720,0.749305487834916,17.789175,19.098532,16.69979,0.97293794,0
5340151440112463360,0.939362450741169,15.409936,16.084726,14.618833,0.94537973,0
5340151474472251008,0.862313016365712,14.628755,15.107324,13.927509,1.0107872,0
5340151508788869504,0.809366186921487,18.227135,19.38827,16.96285,1.0475874,0
5340151577551470720,0.759083748506151,16.487951,17.391909,15.534169,1.0386115,0
5340151710653710208,0.811987633636317,12.388741,12.665831,11.95238,1.5881609,0
5340151714947546880,0.819426951789423,19.54571,21.054972,18.36083,1.0061787,0
5340151852429410688,0.743652364810073,14.899315,15.453406,14.181503,1.0012286,0
5340151951168504448,0.896081492556971,14.071206,14.499347,13.478985,0.9583928,0
5340152127307744640,0.726637325743842,9.954505,10.001363,9.84984,0.88366807,0
5340152608344183936,0.761240734781928,14.691063,15.200904,14.0154705,0.9472906,0
5340152848862460928,0.87396257064337,13.280507,13.622918,12.765424,0.9724734,0
5340153085047697536,0.820688045078155,18.310999,19.858986,17.080044,0.9994713,0
5340153570416813952,0.817689824408006,15.462114,16.133308,14.652896,1.0211474,0
5340153944033307136,0.717072554738644,12.33825,12.599224,11.921766,0.87148327,0
5340154184551489792,0.723031045684933,13.660607,14.035006,13.117106,0.93944985,0
5340155735080564736,0.769052753314667,13.137842,13.468703,12.639334,0.9093074,0
5340155735080557184,0.765340627887778,15.815495,16.567099,14.960724,0.9281514,0
5340156078678157056,0.708293587406926,16.787632,17.765844,15.747291,0.98963535,0
5340156490994565888,0.891069331931091,15.036831,15.635308,14.2907915,0.9295498,0
5340157075110216192,0.702872106982605,16.363213,17.244438,15.430589,0.98617435,0
5340157109469989248,0.754250140452271,16.95791,18.035606,15.91746,0.9537467,0
5340157345650254848,0.757835871139833,17.929451,19.468416,16.752457,1.0473998,0
5340157934103609216,1.0,9.198938,9.216773,9.134977,0.910032,0
5340158037182861440,0.779281949256065,11.807794,12.032327,11.437739,0.73987526,0
5340158140262144256,0.829496042414003,13.352955,13.7078705,12.831805,0.95171744,0
5340158926195472128,0.798210558507479,14.373846,14.766454,13.562978,2.0033598,0
5340159033615462016,0.722664837482447,9.55485,9.589388,9.468223,0.8832846,0
5340159819548513792,0.809563653651429,9.417041,9.418726,9.394296,0.78416514,0
5340159858208303872,0.751370328863416,13.278944,13.519195,12.578726,1.1255301,0
5340160506743689984,0.75836126384194,15.947181,16.725672,15.079297,1.0104427,0
5340160919067943040,0.808933448761389,17.153984,18.245653,16.08246,1.1106253,0
5340160992121127168,0.87083392891791,11.525977,11.725178,11.18255,1.0148007,0
5340161022147218688,0.91065984157081,14.402726,14.832191,13.735779,1.0190507,0
5340161090862579712,0.752416838588336,14.24661,14.705432,13.62151,1.1585696,0
5340161129560052352,0.8289494069473,13.65218,14.024045,13.108678,0.9151139,0
5340161159586164608,0.915477690640132,14.903825,15.442464,14.181959,1.1968881,0
5340161163919802240,1.0,9.791699,9.829303,9.706992,0.78613454,0
5340161266999026944,0.788501567391281,5.6824784,6.312813,4.924737,1.0918257,0
5340161335718508800,0.833582879106587,13.054275,13.378868,12.563276,0.9273749,0
5340161473157492352,0.813034450584941,14.207934,14.6614895,13.592943,0.9768808,0
5340161576236734848,0.726909632052403,11.287692,11.511478,10.917662,0.8541608,0
5340161679276780416,1.0,10.272464,10.335512,10.148612,0.78810376,0
5340161748035398528,0.91065984157081,17.586386,18.815722,16.487524,1.0257274,0
5340161885474372480,0.83627463531887,10.486389,10.652299,10.187927,0.9904968,0
5340161885474368896,0.881794715331042,13.639407,14.081917,13.0002575,0.9460059,0
5340161915496760192,0.796980794539698,19.027657,20.533224,17.737883,1.0984408,0
5340161954193779840,0.835219952041104,12.736018,13.076279,12.228286,0.90348923,0
5340161954193782784,0.764403372369739,11.057862,11.205406,10.799905,0.8223861,0
5340161988553524736,0.742869654055391,15.261456,15.915724,14.47291,1.0272676,0
5340162022913251328,0.860607961083065,18.422718,19.974154,17.259178,1.0159485,0
5340162057273013248,1.0,8.5738735,8.574803,8.535994,0.8797081,0
5340162125992508800,0.799840179490382,16.893568,17.86167,15.877734,1.1700356,0
5340162229071686912,0.803474445469909,15.372931,16.0287,14.569933,1.0314198,0
5340162293453729152,0.818498195310798,17.235718,18.315159,16.156734,0.951481,0
5340162332151270016,1.0,12.574181,12.859558,12.130418,0.8907705,0
5340162332113956864,0.838748309558756,19.979412,18.56565,18.062254,1.0049069,0
5340162435230352384,0.743751198568334,16.538477,17.464706,15.587245,0.9946333,0
5340162538309397120,0.822987228738995,18.189825,19.707188,17.029257,0.959932,0
5340162710108101376,0.899257890000265,13.769059,14.157841,13.213921,0.9906856,0
5340162950626468480,0.871748525999907,13.521204,13.891702,12.985132,0.910867,0
5340163122424976512,1.0,16.1354,16.973139,15.228899,1.0173618,0
5340163259863949696,0.758518133261974,16.537895,17.617981,15.495585,1.4361788,0
5340163328583404416,0.70343889192826,17.549616,18.733624,16.45483,0.979212,0
5340164084497918080,0.71198417351165,16.53392,17.472332,15.58206,0.99293274,0
5340164118857681536,0.872896734899649,15.016789,15.575692,14.221657,2.5474591,0
5340164153217132928,1.0,11.258071,11.486545,10.8757105,2.408131,0
5340164187577098624,0.709348210013749,15.407734,16.093615,14.600113,1.0629836,0
5340164251958210560,0.744013793216363,12.413676,12.746549,11.915901,0.8650848,0
5340164290656319232,0.775185175277613,13.744938,14.13482,13.19034,0.90672755,0
5340164496814686592,0.843794752606837,15.264498,15.900195,14.504367,1.0241095,0
5340164496814687488,0.762399921682095,11.840057,12.06588,11.459374,0.7532913,0
5340164702973188864,0.891963812158439,8.988076,8.97531,8.982944,0.8898664,0
5340164737332972928,0.864210830024872,16.546066,17.485126,15.589936,1.1252705,0
5340164806014568960,0.827345769297277,10.225937,10.274785,10.12647,0.89565593,0
5340164836070295552,0.976022014537359,11.940462,12.171497,11.562415,0.7877334,0
5340164874771895296,0.85932481867256,13.612207,13.990913,13.069751,0.87869036,0
5340165012172974848,0.856968845412391,18.888437,20.47992,17.669323,1.0494096,0
5340165042228725248,0.817267025862607,12.026831,12.262889,11.642871,0.82205945,0
5340165282750363392,0.980197367739199,12.049384,12.35122,11.587251,0.7574898,0
5340165390167830400,0.812920900529143,11.204371,11.362828,10.93046,1.0123976,0
5340165420189316096,0.871748525999907,10.199553,10.273414,10.052584,1.5739825,1
5340165802484698752,0.979095181872466,15.0453005,15.614585,14.282259,1.0275427,0
5340165935589882624,0.713001051445779,19.29886,20.71546,17.839252,1.0767365,0
5340165905563911680,0.783089719949623,15.154768,15.770215,14.404503,1.0220655,0
5340165969945747968,0.780344773845352,17.53793,18.744574,16.465881,0.97404075,0
5340166008643133312,1.0,13.765256,14.152267,13.2137985,0.9866418,0
5340166008643136384,0.920865793435431,9.203244,9.200867,9.182577,0.8806318,0
5340166111722333184,0.935072271669089,15.134775,15.744075,14.388384,1.0048158,0
5340166485341977600,0.844921180046959,17.685156,18.95363,16.592035,1.0413109,0
5340166519700942336,0.774113932861632,9.542676,9.5544,9.502213,1.0267509,0
5340166833276551168,0.762100018634762,13.880814,14.28341,13.314304,1.0483409,0
5340166936356024704,0.720315583729619,13.802761,14.204472,13.235192,0.9865864,0
5340166936356025344,0.923997277498037,17.219202,18.303766,16.068823,0.9738829,0
5340167211233684736,0.823709792981339,14.279175,14.904745,13.512164,2.4334164,0
5340167245593416960,0.831431072919325,12.310955,12.569947,11.897044,0.977657,0
5340167279953159552,0.966030730874253,10.547802,10.636199,10.386152,0.77503234,0
5340167451752169216,0.945525312637356,15.515407,16.179611,14.707375,1.0130119,0
5340167623550887680,0.7165821795092,12.95479,13.374231,12.372469,2.030756,1
5340167692270339584,0.837241740030246,16.042635,16.868618,15.136185,1.069884,0
5340167791011260544,0.769378996478886,11.921033,12.151801,11.542625,0.8154571,0
5340167825370475008,0.82766358902611,18.722775,20.23023,17.466425,0.9630458,0
5340167898428770304,0.800815287011285,17.005371,18.077492,15.980717,1.0391958,0
5340168001508017664,0.87062543475434,12.592331,12.873145,12.152891,1.0712318,0
5340168138946991488,0.830771631419189,16.70505,17.570498,15.625923,1.0174434,0
5340168482544050560,0.741016488981371,13.798851,14.202118,13.232655,1.0082644,0
5340168688702453376,0.867483909635765,16.790178,17.77505,15.792797,1.0114532,0
5340168757421931648,0.842412028074314,16.338377,17.221292,15.344386,1.1167904,0
5340168791781677568,0.726909632052403,17.332218,18.481438,16.260386,1.0833421,0
5340169032299841280,0.721135629484999,9.440425,9.444455,9.414594,0.9278271,0
5340169066659587328,0.796005620989205,10.884978,11.005661,10.666396,0.8744937,0
5340169169699423104,0.74552764151802,20.288038,21.049854,18.715193,1.0807294,0
5340169788214923136,0.904851152174377,13.607268,13.981643,13.06476,0.9668827,0
5340170337970754944,0.796526645824484,14.667511,15.173611,14.000815,0.98687357,0
5340170750287782528,0.818498195310798,16.448473,17.393627,15.501788,1.0358466,0
5340171025165668224,0.860929908966373,10.494442,10.591268,10.310318,0.82043535,0
5340171059525409664,0.719656804103471,10.807762,10.915326,10.608739,0.86716706,0
5340171227014430848,0.824901168469125,19.318933,20.860554,18.085072,1.0205122,0
5340171574921497984,0.752412167684585,16.126694,16.96491,15.234421,1.0270197,0
5340172159037118720,0.708402227676283,13.650041,14.0362425,13.095788,0.96329135,0
5340172262116357504,0.743578122308862,14.340264,14.812473,13.702231,1.0306226,0
5340172468274819968,0.84704036305607,13.683645,14.068904,13.135534,0.9765119,0
5340172949311127936,0.7726232691509,14.945236,15.508646,14.236466,0.9277847,0
5340172983670865664,0.726565639547735,14.357563,14.826159,13.728678,0.95717096,0
5340173533435130880,0.756261021684565,10.199315,10.249581,10.095592,0.8748962,0
5340173632163328384,0.708646950396307,12.326308,12.585373,11.913514,0.86535573,0
5340173808304411648,0.738980030844378,15.632879,16.335554,14.810215,1.03112,0
5340173842663985152,0.753437865269915,15.448716,16.103745,14.658199,1.0559692,0
5340173911383636992,0.70456579060097,12.907635,13.218909,12.431438,0.9115558,0
5340174181919575296,0.919636955586039,15.790082,16.53437,14.921609,0.98023105,0
5340175109632057472,0.800895255121696,12.74308,13.037568,12.291085,0.92491406,0
5340175354492378496,0.794169753225249,13.9096365,14.322029,13.335238,0.92859954,0
5340175590671443840,0.729396058770757,17.604128,19.032337,16.449495,0.9822016,0
5340175801168999808,0.817550297487386,15.504505,16.193361,14.702279,1.0370195,0
5340176041687159424,0.750800080138029,11.915579,12.148784,11.496307,10.851198,0
5340176350924851456,0.794999462380252,9.769547,9.798979,9.697912,0.8730487,0
5340176861978712576,0.790861832359549,10.64361,10.7351265,10.475053,0.95990777,0
5340178378149492864,0.776698600079081,14.447787,15.046468,13.672483,7.73526,0
5340178683047825920,0.716761505955782,18.51185,19.953812,17.345573,1.113369,0
5340180233576027648,0.777320081292343,15.347026,15.991922,14.568463,0.9606803,0
5340180508453947008,0.701162813504707,15.549614,16.254461,14.738496,0.94524604,0
5340183016714762240,0.715680190740517,13.237645,13.581151,12.729829,0.8565358,0
5340186074731821952,0.703778355825057,13.242725,13.586064,12.735637,0.94188553,0
5340186143451130112,0.724488973069873,6.618429,7.275941,5.8394666,0.98861265,0
5340186207827570048,0.796143282784151,9.834731,9.862897,9.747183,0.8684114,0
5340197683980182528,0.722859004034167,8.378527,8.375234,8.345244,0.8842129,0
5340199642493752448,0.708051371747511,19.471004,21.04094,18.13754,0.9641308,0
5340213631236461312,0.871748525999907,16.24633,16.999807,15.110789,1.1721554,0
5340213661266454784,0.926669455306972,19.023705,20.718206,17.800533,0.99270475,0
5340213837394913024,0.7808394387174,12.388078,12.65945,11.957539,0.94021386,0
5340213901780626816,0.840430725755604,13.591041,13.961178,13.045016,1.1608217,0
5340214009193591808,0.792591552152768,13.616891,13.993335,13.075889,1.0039197,0
5340214077913205760,0.93614116059924,10.831031,10.942724,10.620919,0.82372737,0
5340214382813394304,0.887994337680665,17.07693,18.161203,16.067116,1.0300994,0
5340214558933816320,0.803474445469909,19.78779,21.113216,18.52578,1.122024,0
5340214662028660992,0.802492797508129,16.827389,17.828499,15.835342,0.99813294,0
5340214833827321984,0.76151381372817,16.99937,18.058964,15.986305,1.0259767,0
5340214936906544512,0.857025288043298,17.17667,18.4679,16.050112,1.0134091,0
5340215211784289408,0.806709479398495,11.996388,12.233389,11.6089,0.800399,0
5340215246144032512,0.860910474990132,14.865797,15.423351,14.160376,0.9863261,0
5340215349223412992,0.73938389633929,13.564444,14.014888,12.95028,1.0527703,0
5340215349223413504,0.704607422261754,14.581422,15.214657,13.810021,1.0467095,0
5340215791595218944,0.762411056640748,19.342293,20.535856,18.123455,0.99999624,0
5340215967698741632,0.704290839901232,15.627604,16.335417,14.812223,1.0579921,0
5340216208216902272,0.744725762411363,14.340257,14.927195,13.597241,1.1374177,0
5340216242588975744,0.73606694016334,14.681879,15.222711,13.979568,1.0236272,0
5340216311296129024,0.871748525999907,13.189922,13.523763,12.690703,1.0082109,0
5340216414375356160,0.713450138849254,10.285803,10.370622,10.124234,3.0962849,1
5340216689237844480,0.748193416644931,19.88253,21.12973,18.73943,1.04733,0
5340217067210233088,0.720315583729619,13.960944,14.374632,13.384811,0.95287293,0
5340217135929707136,0.754634652286858,11.838968,12.059538,11.471583,0.8144796,0
5340217788764762112,0.720430198816724,12.222432,12.470672,11.8221035,0.8872688,0
5340218093668229632,0.843505265514426,11.865889,12.146832,11.421676,0.8442941,0
5340218132362042496,0.776359447488908,16.272749,17.143991,15.356565,0.9678797,0
5340218510319177088,0.784266726449375,14.298367,14.757404,13.68092,0.94821507,0
5340218613398416768,0.780471925450572,12.688041,12.978976,12.235449,0.92038023,0
5340218643422559616,0.847348656732464,17.305777,18.476349,16.244736,0.96526736,0
5340219575483504768,0.817592252743742,10.229175,10.28999,10.105644,0.8768768,0
5340220911164228480,0.850690345261377,16.469954,17.379028,15.485076,0.9638284,0
5340221671415309568,0.841817777234737,10.504824,10.597907,10.327462,0.7740441,0
5340221804518665088,0.820491886909174,17.43065,18.687983,16.33796,0.96729827,0
5340222049372349952,0.735611759448924,17.121845,18.208399,16.100319,0.956197,0
5340222530409352704,0.794741327771971,11.216568,11.37766,10.938808,0.7181746,0
5340222530409353856,0.773894547001121,13.81891,14.219465,13.256267,0.95771146,0
5340222805286915712,0.730044023371705,17.680367,18.827007,16.550343,1.252425,0
5340226275603487360,0.711228967495644,18.543093,20.088997,17.352552,0.9955872,0
5340226344340200192,0.764247743598606,16.959688,17.997108,15.956048,1.0860336,0
5340230192630810624,0.710657287214089,15.157415,15.763328,14.405852,0.95079356,0
5340232357294739968,0.772410350081345,14.262932,14.715937,13.648545,0.95971334,0
5340233147548426112,0.703745874360935,19.741537,20.973232,18.471231,1.0204742,0
5340234590677873408,0.751823092041574,12.117145,12.363535,11.719947,0.8237927,0
5340235587110436352,0.706573922717122,13.227356,13.554636,12.719999,0.9083809,0
5340236239945233280,0.740574905469977,18.178347,19.628202,17.047052,1.019284,0
5340237889192677888,0.714225139694158,19.058916,20.527891,17.820122,1.0496987,0
5340240083901660928,0.708803702175748,12.094306,12.379726,11.648946,0.878418,0
5340244550669827584,0.721901804796713,18.733301,20.279007,17.530184,1.0359306,0
5340248987415385216,0.755404871565085,13.357736,13.708841,12.839694,0.97261834,0
5340429238584644352,0.839872505794886,14.419807,14.901087,13.778171,1.0102752,0
