source_id,radial_velocity,radial_velocity_error,rv_nb_transits,rv_method_used
53029278307021696,nan,nan,nan,
63547270960574336,11.383182,3.3698506,13.0,1
64114245300877184,5.3180704,0.49237174,18.0,1
64160940185240064,nan,nan,nan,
51742471745296768,7.8481593,0.40216258,21.0,1
53258732639653760,nan,nan,nan,
63592767549850112,7.285138,0.29552448,10.0,1
63593798341985152,nan,nan,nan,
63824901943723392,nan,nan,nan,
53892669813156736,nan,nan,nan,
63485427727244544,nan,nan,nan,
63693785181958912,-12.909431,4.99508,13.0,2
64095656682494720,6.2060633,0.34099317,32.0,1
53332571717238400,nan,nan,nan,
53341642688604416,nan,nan,nan,
63632178171114624,nan,nan,nan,
64016904160440960,4.7394066,8.3276615,13.0,2
64172038380708224,6.902026,0.44327545,16.0,1
64174546641593984,nan,nan,nan,
64653383953596032,nan,nan,nan,
51619120284286976,-5.815813,4.7268505,21.0,1
53014881576687872,nan,nan,nan,
58259414601023744,nan,nan,nan,
63052048347383168,10.05385,0.85279405,12.0,1
63391178965446656,nan,nan,nan,
51303388648134400,nan,nan,nan,
51616268426009472,15.415862,7.2106056,23.0,2
63102694601689728,4.806507,3.5590057,13.0,2
63449521800719488,nan,nan,nan,
63892006512622848,nan,nan,nan,
63958801843006208,-5.735798,7.492136,16.0,1
64259518272776576,nan,nan,nan,
50976077779666688,5.0138965,1.2754658,18.0,1
51492264130122496,nan,nan,nan,
63436396380626688,27.172289,10.666672,9.0,2
63773774653147904,nan,nan,nan,
63795455648004608,22.480234,4.876284,26.0,2
63838886357191936,-19.48307,7.584463,27.0,2
63839023796354560,nan,nan,nan,
53140397701490176,nan,nan,nan,
53335045618385536,-2.392665,3.840645,15.0,2
63786625195137664,nan,nan,nan,
63959351598814336,nan,nan,nan,
64109915973846528,nan,nan,nan,
64157023175179776,nan,nan,nan,
64313222543810560,nan,nan,nan,
50907014706346624,nan,nan,nan,
63144716561596288,6.60836,0.3123775,12.0,1
63289920816208768,8.332064,0.6449328,15.0,1
63661521387693824,nan,nan,nan,
63705433133130368,nan,nan,nan,
63884584809145600,-7.8370314,6.703168,20.0,2
63916431989200256,7.1419425,0.78666633,15.0,1
64117062799542016,nan,nan,nan,
64168705486089216,nan,nan,nan,
51391658816356608,nan,nan,nan,
51681655008229632,9.057142,7.965017,17.0,2
53864804065393536,nan,nan,nan,
63502259702709888,1.567685,0.7360156,14.0,1
63662311661690880,nan,nan,nan,
63953819680971008,nan,nan,nan,
63547378335443200,6.4287906,1.2627181,17.0,1
63585036608738048,nan,nan,nan,
63627264728628224,nan,nan,nan,
63677326867342464,nan,nan,nan,
63826448131945984,nan,nan,nan,
51408529447927296,nan,nan,nan,
63730309584280960,7.267347,0.36202735,32.0,1
63775355201110016,-4.124922,6.5125217,23.0,2
63826070174824192,nan,nan,nan,
63999999169130112,nan,nan,nan,
64009448097245440,55.50205,4.7808776,14.0,2
64743646986745600,18.575161,4.9388914,13.0,1
64757425241820800,-10.781087,8.958195,15.0,2
64856312568645248,7.053675,2.302344,9.0,2
64889126119831040,nan,nan,nan,
64923279699744256,5.032039,0.6312849,12.0,1
64962174923490304,nan,nan,nan,
64963377514329984,nan,nan,nan,
64980832261312640,nan,nan,nan,
65005262035285888,-5.860977,8.134053,11.0,2
65007083101413888,4.437983,1.5222514,9.0,1
65026839950559744,4.145413,3.913154,13.0,2
65086591535491584,6.507856,0.39882386,14.0,1
65089473457126784,5.435533,1.9016896,14.0,2
65101606741121792,nan,nan,nan,
65181115176348544,nan,nan,nan,
65213172812266752,nan,nan,nan,
65225469302220800,nan,nan,nan,
65293368441513344,nan,nan,nan,
65561473183104640,nan,nan,nan,
65690498298435840,0.19704026,4.8202753,23.0,2
66289044940711168,nan,nan,nan,
66468918172339328,nan,nan,nan,
66509771901085696,nan,nan,nan,
66523103479455744,nan,nan,nan,
66581549393480704,7.117577,1.93818,24.0,2
66659271121456768,nan,nan,nan,
66715273197982848,4.7306995,0.22880626,13.0,1
66720946851771904,7.1354094,2.5968614,10.0,1
66729674225341696,nan,nan,nan,
66750358787789056,nan,nan,nan,
66786539592171392,nan,nan,nan,
66802207632871808,nan,nan,nan,
66808839062339712,nan,nan,nan,
50940034414875392,15.003693,10.721401,11.0,2
51307065140124032,7.2273574,2.886903,16.0,2
51765595848971648,nan,nan,nan,
61917043110119552,nan,nan,nan,
63876402894075904,-7.464788,7.6798844,24.0,1
63958561324922240,2.2936218,6.414321,15.0,1
63989691247627776,nan,nan,nan,
64006905476619776,1.1516902,3.2100272,15.0,2
51761575759616000,24.086159,5.794495,22.0,2
64092907903452800,nan,nan,nan,
64449321467581056,nan,nan,nan,
64456262134709376,nan,nan,nan,
63094894941091328,nan,nan,nan,
63546038305742720,nan,nan,nan,
64021714523841280,nan,nan,nan,
64050645425295872,9.1435375,2.8370612,24.0,2
64059407158605568,nan,nan,nan,
64103009666497024,8.178869,3.5201716,30.0,2
64739248940235392,6.671907,0.25848874,11.0,1
64879402312818944,6.5465837,0.18605234,11.0,1
64884624994048256,nan,nan,nan,
64895139073954944,-93.64639,5.084837,13.0,2
64900739711320960,nan,nan,nan,
64916751349465856,nan,nan,nan,
64960628735279232,6.198807,0.27707303,14.0,1
64984951133439232,nan,nan,nan,
65000863988835200,nan,nan,nan,
65018417518780672,nan,nan,nan,
65038281743395584,nan,nan,nan,
65297251091930624,nan,nan,nan,
65787289680918528,6.951392,0.9596936,15.0,1
66486510358371072,nan,nan,nan,
66489259137570816,7.190647,2.8984835,29.0,1
64679840952155264,6.90231,0.54898125,8.0,1
64929391436043264,5.7319303,0.2046638,15.0,1
64956127609464320,7.8136744,1.3565793,19.0,1
64979732749686016,4.5173807,0.6626313,14.0,1
65004712279475712,5.720363,0.29002896,14.0,1
65107860213588096,9.24176,3.2383611,11.0,2
65135176205557888,nan,nan,nan,
65190048708380160,-4.6504016,12.752755,7.0,1
65222518661019520,9.706771,3.4502966,11.0,2
65222759179728640,8.721868,1.3659343,13.0,1
65225611037551360,5.7048016,0.31913814,11.0,1
65231486552803328,3.135401,0.6191416,18.0,1
65232757863112192,nan,nan,nan,
65245539685760640,nan,nan,nan,
65263612908043392,nan,nan,nan,
65264673762670080,nan,nan,nan,
65275501377570944,8.299701,1.6597587,10.0,1
65281166437426176,-5.3023787,6.4750643,17.0,1
65349684053273600,nan,nan,nan,
65434518247043072,6.800405,4.360878,16.0,2
65486951208575488,nan,nan,nan,
65552681387907200,nan,nan,nan,
65674383581036800,0.15321065,7.318769,23.0,2
65677372878285312,6.402642,0.46426123,32.0,1
66441323003146112,nan,nan,nan,
66506331628024832,3.574924,0.8972431,16.0,1
66550350752004352,3.4691024,6.2189727,32.0,2
66556535504957568,nan,nan,nan,
66581961710329984,8.763873,2.6014924,23.0,1
66658240329321088,nan,nan,nan,
66719228864863360,nan,nan,nan,
66737405166459264,2.877757,9.598047,11.0,2
66741116018188416,nan,nan,nan,
66746441777612416,0.14720935,1.4555992,12.0,1
66781316909399424,3.9304402,4.139731,19.0,2
66788669895935616,nan,nan,nan,
66823304512166528,4.3078628,5.4931464,16.0,2
51609980593783424,nan,nan,nan,
51730067879582080,34.457596,6.6617146,25.0,2
63327682168301952,nan,nan,nan,
63534390354375040,5.552592,3.7562358,14.0,1
64445988572906752,-54.128475,9.335242,10.0,2
64836349560719232,nan,nan,nan,
64874454510493440,nan,nan,nan,
64999588381514496,6.460284,0.41845354,12.0,1
65005846150835200,nan,nan,nan,
65037731987586304,nan,nan,nan,
65089336018173440,6.5120916,0.45042944,12.0,1
65090680344356992,-1.2638851,3.6792986,8.0,1
65112739296356608,nan,nan,nan,
65150947325369600,4.843984,0.42377788,16.0,1
65189739470654464,nan,nan,nan,
65199978672758272,6.585022,0.4475127,11.0,1
65207709611941376,-1.8567859,2.4416814,19.0,1
65216643145862144,3.3456526,7.4163747,13.0,2
65237911823760640,nan,nan,nan,
65269935099961600,nan,nan,nan,
65275089060719104,5.3713703,0.49375704,14.0,1
65276703968959488,-31.98658,12.803273,12.0,1
65282098447322752,nan,nan,nan,
65435102362687616,5.059337,2.9373264,22.0,2
65626623544976768,nan,nan,nan,
65830548591559936,nan,nan,nan,
66431775295228288,nan,nan,nan,
66533170882790784,nan,nan,nan,
66593437863017984,nan,nan,nan,
66655560269868544,6.249876,0.49198502,15.0,1
66757746131459200,nan,nan,nan,
64128294135554688,nan,nan,nan,
64136063734692224,nan,nan,nan,
64430939007563520,nan,nan,nan,
64804841680675200,6.467236,0.47854188,16.0,1
64896101146708224,nan,nan,nan,
64928605459180416,14.593108,4.7528152,14.0,1
64942001460286080,nan,nan,nan,
64981931772948480,6.5240555,0.73763156,11.0,1
65004437401569664,nan,nan,nan,
65175480179315840,nan,nan,nan,
65202830531043968,-17.51281,5.40219,13.0,2
65223618172733952,4.9527726,0.94593006,21.0,1
65284228751087872,nan,nan,nan,
65289623229979136,5.52734,0.5050327,18.0,1
65299381395665664,nan,nan,nan,
65393698877913728,nan,nan,nan,
66470567439742208,nan,nan,nan,
66482868226100096,-1.3614507,5.3303547,28.0,2
66553443128503552,nan,nan,nan,
66555985749157760,2.9258382,1.05577,8.0,1
66556535504958848,6.635169,0.65957856,12.0,1
66565778274538624,nan,nan,nan,
66597767189992832,-13.777242,7.0766087,24.0,2
66710948167949696,nan,nan,nan,
66715827250786432,nan,nan,nan,
66739982146803456,2.1269743,4.352952,13.0,2
51505217751483392,2.7830114,6.8016167,17.0,2
51677669278703104,nan,nan,nan,
53174379482675456,nan,nan,nan,
53255434104774272,nan,nan,nan,
61554650949438208,5.7336173,0.51829726,13.0,1
63378981257953152,10.365392,0.63352126,7.0,1
64597927335800064,6.2949677,2.013385,10.0,2
64600813554014592,nan,nan,nan,
64871740091177600,nan,nan,nan,
64915754917051520,nan,nan,nan,
64951111087777536,nan,nan,nan,
64952829074688896,4.963597,0.50259304,15.0,1
65011962184337664,nan,nan,nan,
65014985841292032,nan,nan,nan,
65017627244152064,4.2348895,1.053513,14.0,1
65017906418989312,9.768907,5.373878,12.0,2
65053915424355584,nan,nan,nan,
65161976802151680,4.7084985,2.3807561,13.0,2
65170016980919808,nan,nan,nan,
65213172812266240,nan,nan,nan,
65280552259109760,nan,nan,nan,
65281239453865856,-0.44759342,8.008368,14.0,2
65419434321982464,nan,nan,nan,
65673593307063552,-1.5548016,4.088157,31.0,2
65720734868130816,nan,nan,nan,
65775195052996608,nan,nan,nan,
66522107047046656,nan,nan,nan,
66531178017967872,nan,nan,nan,
64720625961541120,nan,nan,nan,
64891634380723712,-4.53644,8.186026,14.0,2
64941211186036352,6.4533243,0.5195707,8.0,1
65008388771477120,nan,nan,nan,
65013474012743936,-11.591035,4.0491242,15.0,2
65027905102436608,5.4797635,6.5357037,6.0,2
65210389673469312,nan,nan,nan,
65212932294091264,nan,nan,nan,
65244749411766528,3.065213,2.2203681,13.0,2
65289004754691200,nan,nan,nan,
65471729844532864,6.6995993,5.346457,23.0,1
65589137070475264,-8.788499,9.603173,21.0,2
65603946117575936,nan,nan,nan,
65783029073414144,0.5800543,6.857909,17.0,2
66481734354737792,6.7226863,1.9441465,29.0,2
66497952151148544,nan,nan,nan,
66515922294233728,nan,nan,nan,
66537981246228096,5.490877,0.50997764,31.0,1
66652467893487488,-14.771189,5.750621,26.0,2
66738023641737088,nan,nan,nan,
66798496781121792,11.792832,0.5999517,9.0,1
66798977817468288,nan,nan,nan,
66885942316710784,nan,nan,nan,
66903293984399872,3.9179668,3.0264812,30.0,2
67368868438779392,-1.9946754,7.8051605,23.0,2
67799189799869312,5.745808,0.5283467,9.0,1
64870296982175488,18.035686,7.704399,17.0,2
64930495244783616,5.7746515,1.1501437,9.0,1
64974338270788864,nan,nan,nan,
64989490915460608,-6.0418634,6.5191407,11.0,2
65113559634339200,6.908269,0.81263316,6.0,1
65164171528305792,5.167601,0.9204473,17.0,1
65196405259884544,nan,nan,nan,
65203758244032512,nan,nan,nan,
65263097511969792,nan,nan,nan,
65267078945207296,nan,nan,nan,
65289279632597760,5.260689,0.38871056,15.0,1
65717814290369920,nan,nan,nan,
65945997312877952,24.280941,5.5627503,9.0,2
66280248847432192,nan,nan,nan,
66453490649681280,nan,nan,nan,
66521179334108928,nan,nan,nan,
66560349435890176,nan,nan,nan,
66659408560406528,nan,nan,nan,
66720534534913792,8.486036,10.492279,7.0,2
66724451545088128,nan,nan,nan,
66725379258016768,nan,nan,nan,
66752042414936704,-10.680976,10.916472,14.0,2
66755959425257856,nan,nan,nan,
66761903659793152,4.806174,6.8137197,21.0,2
66802276352348416,7.7507706,2.3749604,15.0,2
66811450402457216,2.5587225,2.4863913,13.0,2
66816295125702144,5.1210036,2.0508575,11.0,1
66821655244731264,18.505743,12.684261,9.0,2
66823132713476480,nan,nan,nan,
66847631206903040,5.5101414,6.2677627,13.0,2
66878245735176704,11.173585,6.3817797,16.0,2
67074096242336384,9.777189,8.819467,15.0,2
64232271000313472,nan,nan,nan,
64272128296706432,6.135939,0.5838175,13.0,1
64898368889386624,9.893747,1.735672,15.0,1
64912009705490304,nan,nan,nan,
64933759417769984,7.639575,0.39881083,8.0,1
64982344089813248,nan,nan,nan,
65010239900405504,8.528288,0.92294705,7.0,1
65020414679879296,5.609911,0.3001664,17.0,1
65136791113382912,nan,nan,nan,
65165653294149760,nan,nan,nan,
65207709613871744,5.368229,0.5776826,9.0,1
65241863193865856,nan,nan,nan,
65247704349267584,4.2054543,0.51638615,11.0,1
65248151025861120,nan,nan,nan,
65248460263511552,4.6761637,1.2272983,12.0,1
65257187636977536,nan,nan,nan,
65701527774387840,nan,nan,nan,
65864427293364864,6.1183867,1.3440949,18.0,1
66517468482370176,8.476849,2.436734,17.0,2
66555573432261376,-11.263253,6.65613,18.0,2
66558249192653952,0.58194447,0.7623979,18.0,1
66710845088732160,26.501575,7.654727,14.0,2
66729261908482048,nan,nan,nan,
66732423004453376,22.42745,3.151752,11.0,2
66800592725851776,6.0422716,0.7118903,13.0,1
66801623517295104,nan,nan,nan,
64967569402404480,nan,nan,nan,
65125864716379264,4.40422,0.63143545,16.0,1
65169943964429952,nan,nan,nan,
65211557904569856,-5.5990596,6.520315,15.0,2
65223515093523328,nan,nan,nan,
65224442806459008,20.048647,3.6676793,17.0,2
65229734206151680,0.93896484,7.4761047,12.0,2
65279418387728896,nan,nan,nan,
65605354866829184,-6.3639827,6.9151735,25.0,2
65666102884206848,nan,nan,nan,
65675895409522048,nan,nan,nan,
65732447241199744,6.2317953,0.92624646,18.0,1
66429232674604544,nan,nan,nan,
66452047540860160,nan,nan,nan,
66507882115488128,nan,nan,nan,
66712253837994880,nan,nan,nan,
66791624833561856,nan,nan,nan,
66808220587759104,3.4574795,5.1842694,10.0,2
66850517426494208,nan,nan,nan,
66911231083913600,nan,nan,nan,
66926211929978880,nan,nan,nan,
66937859881182848,4.9312983,3.0793464,16.0,1
64040818540162304,2.4558716,3.492695,20.0,2
64053566003097984,nan,nan,nan,
64104933811828480,nan,nan,nan,
64215125490886656,nan,nan,nan,
64317998547641344,6.982203,0.45474127,11.0,1
64808483812941440,-14.5842285,3.5933516,17.0,2
64818203322590208,nan,nan,nan,
64841503521468544,-27.543713,8.69396,10.0,2
64857721317916032,nan,nan,nan,
64894623677888640,nan,nan,nan,
64917094946846848,nan,nan,nan,
64924413571101952,6.629463,0.5865756,12.0,1
64927368508592512,nan,nan,nan,
64971177174850304,5.820593,0.42567685,13.0,1
65129506848731136,9.913827,6.3034577,18.0,1
65179946945247488,nan,nan,nan,
65184894747573376,nan,nan,nan,
65184929107310592,5.6891637,0.31574437,15.0,1
65221487868870784,6.8758893,0.60486364,14.0,1
65233788655261568,4.5138884,0.76996934,10.0,1
65254885534508672,nan,nan,nan,
65292268929825408,5.3525763,12.518092,15.0,2
65506467539939584,nan,nan,nan,
65544538129847936,nan,nan,nan,
65553471661907328,6.984784,7.3871737,15.0,2
65750627840192256,0.9218699,2.3397114,28.0,2
66522381924952704,nan,nan,nan,
66523893753437824,4.8345804,0.42214733,10.0,1
64589062523316736,11.335728,6.1815653,11.0,2
64656201452146304,nan,nan,nan,
64888129687348736,2.6082294,2.869928,17.0,1
64922283267331968,7.589561,2.6501663,12.0,2
64951626483855744,nan,nan,nan,
64988803720689408,nan,nan,nan,
64998905483757568,nan,nan,nan,
65011412428446592,16.610025,7.3710084,12.0,2
65120470237460480,4.2938056,2.2576797,5.0,1
65125452399528320,12.713782,5.7022448,11.0,2
65188090203295744,6.2800155,0.33624768,9.0,1
65201039527567232,5.87751,0.54175156,15.0,1
65232066371441792,nan,nan,nan,
65270450496044416,0.6566215,4.418883,12.0,2
65280071222749824,nan,nan,nan,
65287458566524928,16.494202,0.8177306,14.0,1
65807218329068544,nan,nan,nan,
65819965792011904,5.178872,1.0737649,20.0,1
66471220274934272,5.770229,0.2621823,28.0,1
66501181966524800,7.1495905,0.34592155,19.0,1
66503449709270400,3.9354496,2.4035647,15.0,1
66511970924353792,nan,nan,nan,
66529975427235712,nan,nan,nan,
66541142342159232,nan,nan,nan,
66567427541958784,nan,nan,nan,
66649409876772096,nan,nan,nan,
66658996243552000,5.488371,1.5487806,36.0,1
66694455493470464,6.9834447,3.1320503,24.0,2
66745617143891968,9.612379,0.7917636,12.0,1
66774513683782912,7.7778254,6.037133,16.0,1
66782897460055424,nan,nan,nan,
66788253282520192,nan,nan,nan,
66788291938818304,6.6079693,0.44602695,15.0,1
66940299422471296,11.876486,6.3465223,12.0,2
66969535261875072,nan,nan,nan,
66999913567402112,12.64797,4.6824484,13.0,2
64644484781444864,-183.50598,6.401924,9.0,2
64843805623922688,nan,nan,nan,
64864593265614464,nan,nan,nan,
64913452814489216,7.913775,0.49682695,11.0,1
64966916567283456,nan,nan,nan,
64974574492213248,nan,nan,nan,
64981863053470592,nan,nan,nan,
65012408860856832,nan,nan,nan,
65019246448775424,nan,nan,nan,
65190220507070208,7.391704,1.4321055,13.0,1
65229184450247296,nan,nan,nan,
65289588870240384,-44.00827,5.583667,16.0,2
65298483745290368,nan,nan,nan,
65643184938861312,58.06234,13.967839,20.0,2
65677098000371712,nan,nan,nan,
66451497784867712,nan,nan,nan,
66485582645439104,nan,nan,nan,
66512074003566976,nan,nan,nan,
66523103479455232,nan,nan,nan,
66556672943906688,nan,nan,nan,
66560727393001216,nan,nan,nan,
66657415696297344,5.6288543,0.8055614,19.0,1
66747816167123712,-3.8785577,4.556401,16.0,1
66749121837171840,nan,nan,nan,
66791483097102464,nan,nan,nan,
66820590092840960,nan,nan,nan,
66897933865345920,4.514552,2.0410042,28.0,2
67429856973800960,nan,nan,nan,
66809491897360896,5.6951537,0.5164656,14.0,1
66876596467931776,nan,nan,nan,
67368834079044224,nan,nan,nan,
67373094686549632,16.755857,5.842855,13.0,2
67732257029618048,10.485627,6.0773253,15.0,2
68046133239891584,5.7783346,17.263424,8.0,2
68147391388599808,152.89989,8.210202,6.0,2
68150861722174848,5.0753083,0.62393606,15.0,1
68183125516472320,5.549473,6.5899725,11.0,2
68540535515653504,-0.8171549,0.68817705,9.0,1
68593346433465856,11.97675,1.5223207,10.0,1
68600321460320768,nan,nan,nan,
68607090328759040,nan,nan,nan,
68672717428941184,-18.602627,2.8301315,3.0,2
68956803745067520,12.303118,3.5940793,11.0,2
69420213536768896,nan,nan,nan,
69814388455816960,3.8005292,3.5790176,11.0,1
69857235049588736,6.2332034,0.76604736,16.0,1
69911867033651200,nan,nan,nan,
69992371901046400,nan,nan,nan,
70024154658949120,3.1138906,0.81143063,7.0,1
70036695963457792,nan,nan,nan,
64804360644343424,nan,nan,nan,
64934893291213952,4.5226073,6.3443007,11.0,1
64936508198907904,7.5471826,2.648821,11.0,1
64946025846426752,nan,nan,nan,
64981137202021376,5.260652,5.333549,14.0,1
65023232178029440,-7.0555453,6.179068,11.0,2
65167577439502592,nan,nan,nan,
65222209423382912,4.2908998,1.0206637,16.0,1
65242069352190976,6.289491,0.49223006,8.0,1
65275020341243520,nan,nan,nan,
65289279632598016,nan,nan,nan,
65296357738731008,2.6167693,0.38355166,13.0,1
65688539793220480,nan,nan,nan,
65699569269925888,nan,nan,nan,
65776736943479808,5.209401,0.5732658,18.0,1
65779971056668032,nan,nan,nan,
65823676643738368,-37.939877,5.8070617,15.0,2
65844361206181376,16.393808,9.345286,19.0,2
66483761579269888,nan,nan,nan,
66565365957676416,5.401723,0.40110582,17.0,1
66734720809017856,6.42838,2.9633284,14.0,1
66735446661374976,nan,nan,nan,
66765751950550144,nan,nan,nan,
66781832308018176,4.674491,2.1460636,16.0,1
66787119410915072,5.178744,0.957283,15.0,1
66831069813319936,-1.2059183,10.897273,10.0,2
66899239535574400,nan,nan,nan,
66997817623367296,0.559973,2.288989,24.0,2
67054305033161344,nan,nan,nan,
63849572235829248,5.5823483,2.2234976,33.0,1
64037588724758400,nan,nan,nan,
64346276612274816,nan,nan,nan,
64734709159049600,nan,nan,nan,
64770241424108032,5.970043,0.36075333,12.0,1
65008010814357248,nan,nan,nan,
65058760147520000,nan,nan,nan,
65117206062341760,5.984826,6.8403335,8.0,2
65147438335354624,nan,nan,nan,
65194584193758336,5.071148,1.1666653,10.0,1
65211145587780992,12.356402,3.281551,15.0,2
65212107660378880,7.009739,0.44005328,15.0,1
65212760495396736,42.253242,8.45607,12.0,2
65214409762926720,6.5987654,2.87864,11.0,2
65214856439472640,3.1588092,2.3216026,14.0,1
65671634801986048,nan,nan,nan,
65963348980559616,nan,nan,nan,
66473178779856768,nan,nan,nan,
66665902550940672,0.4633773,8.014426,21.0,2
66697547870378368,nan,nan,nan,
66765855029760768,nan,nan,nan,
66793583338514816,14.1499405,5.250376,10.0,2
64073597730589952,-22.379423,4.603611,23.0,2
64148738180119680,-13.526904,11.100845,23.0,1
64276315888567424,6.2814026,3.1879718,11.0,1
64331123967672448,nan,nan,nan,
64449729487990912,6.6257997,0.9676342,18.0,1
64768763955442944,nan,nan,nan,
64909153549943296,nan,nan,nan,
64938569783224960,nan,nan,nan,
65011481147922560,nan,nan,nan,
65040686925109760,15.869991,10.568378,7.0,2
65047043476608128,nan,nan,nan,
65063707949772544,6.874217,0.64384764,11.0,1
65088275162687104,nan,nan,nan,
65119164567417856,5.858396,0.4966556,9.0,1
65196370900147968,5.0806947,0.5262432,16.0,1
65201249983083392,7.242434,3.407398,13.0,2
65295430026352512,3.6667042,0.5311477,11.0,1
65507807569730304,nan,nan,nan,
65635522717170944,nan,nan,nan,
65712488530853120,8.562927,2.1245868,29.0,2
66462939577861248,4.6223154,0.5498539,24.0,1
66509634462127360,nan,nan,nan,
66699712533433600,nan,nan,nan,
66729880383767168,nan,nan,nan,
66737095928811648,5.5421205,0.4786263,10.0,1
66737576965143296,nan,nan,nan,
66745754582838272,nan,nan,nan,
66791659193405952,nan,nan,nan,
66886011036187392,nan,nan,nan,
66980362877378432,5.507269,0.392375,14.0,1
68014964661425280,nan,nan,nan,
68364682374473856,nan,nan,nan,
68433814167849728,nan,nan,nan,
68475767408245632,5.855631,5.5966496,12.0,2
68620868583787904,5.219788,1.8201208,17.0,2
69400834644329984,nan,nan,nan,
69583456653826048,1.8094532,14.110881,12.0,2
69763329884321664,nan,nan,nan,
69824249700740736,nan,nan,nan,
69829541100441600,-0.61391056,7.150177,13.0,2
69829609819915648,4.9456744,0.6768411,14.0,1
69894962042148096,nan,nan,nan,
69927260196225024,16.37658,4.9031854,12.0,2
69934334006064768,nan,nan,nan,
69962719446879232,nan,nan,nan,
69985637392346496,nan,nan,nan,
70160287942261376,nan,nan,nan,
70190249631846272,3.9786422,0.71283877,18.0,1
66930403817997696,nan,nan,nan,
68291977168100480,6.9040146,9.273096,9.0,2
68398732874994944,5.3603106,0.8152642,11.0,1
68513356962056704,nan,nan,nan,
68514559552895488,nan,nan,nan,
68577300435634432,nan,nan,nan,
69834759483788928,nan,nan,nan,
69860293066219136,-0.2825011,5.091699,11.0,2
69892385061858944,nan,nan,nan,
69951449452730752,nan,nan,nan,
70108473456817280,3.4922378,0.625632,9.0,1
70132658415356672,2.309795,5.7007227,13.0,1
70152144684310144,nan,nan,nan,
70175474946486784,nan,nan,nan,
70313016978627584,2.23689,2.3138988,14.0,2
64346070453848320,-4.560173,9.452558,10.0,2
64380636350910464,6.751604,0.33272696,17.0,1
64401389632616960,nan,nan,nan,
64441143849872512,nan,nan,nan,
64574352259640192,nan,nan,nan,
64720179284934016,nan,nan,nan,
64797523056344064,nan,nan,nan,
64960663095015680,nan,nan,nan,
64980278208557696,-1.4153668,6.987978,14.0,1
64988322684358144,nan,nan,nan,
65010519075247616,nan,nan,nan,
65027595864800000,5.383171,0.9212083,5.0,1
65052953351603456,5.379487,1.8730721,7.0,1
65096899456994304,nan,nan,nan,
65098514364769408,nan,nan,nan,
65108714911246720,nan,nan,nan,
65208396808627840,0.8130637,5.5182214,19.0,1
65284469269256704,7.619913,0.4348205,19.0,1
65299965511216384,nan,nan,nan,
65772789871345024,nan,nan,nan,
65781345446197504,6.4687214,3.985831,15.0,1
66469742806047744,nan,nan,nan,
66480944080770176,5.824165,0.81923825,28.0,1
66507469798631808,nan,nan,nan,
66517468482370304,5.744421,0.34676626,19.0,1
66536331978799616,1.3897046,5.8169866,23.0,2
66539252556578816,5.847096,3.8607862,12.0,2
66792999222948992,nan,nan,nan,
66799763794633856,4.7152,1.7373779,11.0,1
68183331674900864,nan,nan,nan,
68185221460637824,nan,nan,nan,
68225834671270528,27.611565,3.3618128,18.0,2
68265279651517056,nan,nan,nan,
68284104491279872,nan,nan,nan,
68295481861500928,31.852255,4.7917094,14.0,2
68298093201624960,nan,nan,nan,
68378563708730624,nan,nan,nan,
68452265347345664,nan,nan,nan,
68632310376680064,nan,nan,nan,
69335619861034752,1.8492042,0.70334285,13.0,1
69349535555140608,53.051468,6.325275,9.0,2
69819027020489088,6.453658,0.5963379,12.0,1
69863454162150656,3.3165667,7.367267,14.0,2
69947635521777152,nan,nan,nan,
70044628765739776,4.024877,4.298527,12.0,2
66944422591073024,14.154362,6.826558,14.0,2
67368834079847680,-36.721413,8.158088,18.0,2
67576332537157888,nan,nan,nan,
67736070960579072,nan,nan,nan,
68142374866825216,nan,nan,nan,
68162921990400256,nan,nan,nan,
68282837477714816,nan,nan,nan,
68308882159427840,nan,nan,nan,
69250235911393408,3.78365,0.4357227,10.0,1
69575313395795584,3.9493437,1.0033054,14.0,1
69840879814047872,5.0760446,0.32821858,15.0,1
69873418486230272,4.7804785,3.5336852,16.0,2
69911282917833216,nan,nan,nan,
69974504837007232,nan,nan,nan,
66951466337428480,nan,nan,nan,
66969676998824576,6.1291366,0.34450424,25.0,1
67899520235887616,nan,nan,nan,
68268303308484224,nan,nan,nan,
68310359628169088,5.5968785,2.1753154,15.0,1
68323485048225152,0.19879563,7.327185,12.0,2
68356367317952128,nan,nan,nan,
68356367317952256,nan,nan,nan,
68363411064150272,7.1464753,3.2438812,14.0,2
68475904847290240,nan,nan,nan,
69351219182301184,nan,nan,nan,
69859124835119360,nan,nan,nan,
69918086146123520,-19.76773,6.3259716,17.0,2
69985499953396480,nan,nan,nan,
66531418536135552,-1.6322669,4.961652,9.0,2
66532621126978304,nan,nan,nan,
66640712564777856,5.4960356,5.3209023,32.0,1
66665902550940800,nan,nan,nan,
66734725106867968,nan,nan,nan,
66753038847347456,10.678968,4.0309916,14.0,2
66804406656115328,nan,nan,nan,
66887660303617408,nan,nan,nan,
66950435545271680,nan,nan,nan,
67381787700522240,nan,nan,nan,
68097020012324352,5.2959404,0.59679145,9.0,1
68317609532996480,5.3258505,0.55167395,19.0,1
68409590552589184,53.061768,0.13645247,13.0,1
68448142178730752,nan,nan,nan,
68660554081641472,nan,nan,nan,
67656665605333888,nan,nan,nan,
68261053403709312,nan,nan,nan,
68262973252098304,nan,nan,nan,
68300326584600448,nan,nan,nan,
68381793524163968,nan,nan,nan,
68587161680620288,nan,nan,nan,
68616779774936064,nan,nan,nan,
68860012362308992,nan,nan,nan,
69811948914407168,4.253554,0.6526914,8.0,1
69945814454871680,2.5641694,0.98015606,11.0,1
69990241597280640,33.251812,6.124341,15.0,2
70049477786093056,4.511253,1.7848504,14.0,1
70060610341280128,nan,nan,nan,
70941383577307392,-1.3914042,3.4866416,17.0,1
71036358190950528,nan,nan,nan,
71056252479453056,nan,nan,nan,
68250264445159936,5.9624424,0.87642217,18.0,1
68303659479211776,nan,nan,nan,
68530124514310912,nan,nan,nan,
68660244843997312,1.8861805,0.8477399,10.0,1
69294319455655808,nan,nan,nan,
69470206956077056,nan,nan,nan,
69704643451409792,nan,nan,nan,
69811364798863744,-1.5532763,12.432807,14.0,2
69811639676769536,4.3028464,2.2451973,11.0,1
69838302833692160,5.781368,1.1484466,15.0,1
69871219462957952,198.1301,9.749754,9.0,2
69904410970171392,nan,nan,nan,
70188733509474688,7.036722,0.89983445,15.0,1
70286319462343808,3.9595683,1.551,14.0,1
70462688000922880,3.2567935,0.76183164,10.0,1
70938810893886208,nan,nan,nan,
67369658709673344,-1.6240538,0.7288775,22.0,1
68117635855255168,nan,nan,nan,
68162028637205888,nan,nan,nan,
68192093408157568,nan,nan,nan,
68296650092601088,-10.765163,12.15178,14.0,2
68556508497159936,nan,nan,nan,
68653201097557888,nan,nan,nan,
69651759518208000,nan,nan,nan,
69810093488518784,53.91914,7.6112523,11.0,2
69896473870624640,2.5198834,3.3902662,11.0,1
69904617128601984,9.496873,9.08073,6.0,2
69906472554465792,34.117672,10.512688,11.0,2
69906713072633856,nan,nan,nan,
66818322350220416,nan,nan,nan,
66852647730267264,23.129837,4.037427,32.0,2
66863058730966528,3.777448,0.68959945,26.0,1
66957994687842176,7.3792014,6.5996675,28.0,1
66982458821495424,nan,nan,nan,
67034994860213888,nan,nan,nan,
67304959325424768,nan,nan,nan,
68120418994061312,nan,nan,nan,
68254765570883712,nan,nan,nan,
68265588889169664,nan,nan,nan,
68293729514855040,5.1318674,0.2073768,12.0,1
68294554148575232,2.5946543,4.416079,15.0,2
68296890611072384,4.4041033,1.9032942,14.0,1
68506347575444096,151.92564,7.6322913,9.0,2
68508855836353536,nan,nan,nan,
68618978798306432,7.019205,12.276535,14.0,1
68624613795266432,nan,nan,nan,
69260990509512192,nan,nan,nan,
67527885307288192,nan,nan,nan,
68334235349446528,3.5639086,0.74544907,12.0,1
68458514523905408,nan,nan,nan,
69573251811510912,nan,nan,nan,
69649736589001600,3.0621312,4.4767213,10.0,1
69807963184755840,nan,nan,nan,
69876923179646080,nan,nan,nan,
69954713627862528,-6.5091176,4.02484,13.0,2
69996976105980800,nan,nan,nan,
70042743277270016,nan,nan,nan,
70169251536714624,5.3207684,1.5156277,17.0,1
70234882933734400,5.227652,0.7509184,9.0,1
70242785673539712,5.1061225,0.51251245,11.0,1
70433241705178240,nan,nan,nan,
71042641727187968,nan,nan,nan,
66546742979468416,nan,nan,nan,
66648001127514368,nan,nan,nan,
66671468828544384,16.094109,4.8194537,29.0,2
66722355601033600,10.863815,5.2912545,8.0,2
66727234683931520,27.351875,4.610686,16.0,2
66740497542906368,nan,nan,nan,
66771146429454592,-0.8148704,4.039652,12.0,1
66779564565300224,nan,nan,nan,
66786505232432512,13.656442,0.81763107,10.0,1
66802654309459712,nan,nan,nan,
66942910762588928,nan,nan,nan,
66960262430594816,5.5181684,0.49526042,16.0,1
67085641114472320,nan,nan,nan,
67368353043627648,nan,nan,nan,
68170721650939264,nan,nan,nan,
68186114813689344,nan,nan,nan,
68310561489710336,4.469268,0.53972465,11.0,1
68322145018429952,5.802042,0.3141639,14.0,1
68327402058399232,nan,nan,nan,
69834866859848192,4.7321415,2.789987,10.0,2
69837134602589952,nan,nan,nan,
69948253997063424,3.7393308,0.53762287,11.0,1
67667935599570432,nan,nan,nan,
68129764842889600,5.0710874,0.5010181,12.0,1
68175806892217216,131.8298,7.2182245,13.0,2
68310359628169472,5.5068245,7.139646,16.0,1
68325649711754880,16.464344,5.6544857,14.0,2
68595751615127296,1.512868,7.230478,15.0,2
68606918530067072,nan,nan,nan,
69294010218010240,nan,nan,nan,
69370941672125184,-17.848387,5.996601,11.0,2
69834763780636672,3.5430758,2.5827615,10.0,2
69864313155605120,-12.139915,5.201734,13.0,1
69876712724339456,9.293303,6.7169375,13.0,1
69883417170175488,4.367248,2.5301025,11.0,1
69908156181656576,nan,nan,nan,
69964879813013248,8.280799,2.2508507,7.0,1
70153484713977472,nan,nan,nan,
70224643732103680,nan,nan,nan,
70274190474468864,nan,nan,nan,
70426782074435584,nan,nan,nan,
70457877637565824,nan,nan,nan,
67747615832673408,nan,nan,nan,
67920926352940032,nan,nan,nan,
68236795427794816,nan,nan,nan,
68259438496008832,7.397116,7.0458627,9.0,2
68268165869533568,nan,nan,nan,
68303487680516224,3.0461843,1.4955791,17.0,1
69485978075890176,4.4540176,2.7211747,10.0,1
69502298951642496,nan,nan,nan,
69585140280997760,3.287578,1.5245997,13.0,1
70019378655328768,nan,nan,nan,
70098612211973248,nan,nan,nan,
70118197262752768,6.306791,14.475853,10.0,2
70201725786644608,nan,nan,nan,
70768554094282368,nan,nan,nan,
70954307135798912,nan,nan,nan,
66789872486779520,9.996511,0.9524543,9.0,1
66800180408292992,39.266163,8.372036,7.0,2
66807464672814336,-30.122961,9.287708,11.0,2
66816187748666624,6.711628,3.8164992,14.0,1
66915560410893440,nan,nan,nan,
66974453002505088,nan,nan,nan,
67352066526730240,nan,nan,nan,
67540495331120128,nan,nan,nan,
67618285777617664,5.32347,0.39976463,12.0,1
67680850564641792,nan,nan,nan,
68006241583701888,nan,nan,nan,
68152820227358720,nan,nan,nan,
68195598101454336,nan,nan,nan,
68233531252642432,nan,nan,nan,
68306099020642432,3.875698,0.22833084,13.0,1
68354374452892160,nan,nan,nan,
68897842434107392,1.8540647,5.807146,14.0,1
69754155834196224,nan,nan,nan,
69856272976786560,nan,nan,nan,
69898810332838400,6.6242313,2.633675,11.0,2
69918979499309952,nan,nan,nan,
69983369649631872,nan,nan,nan,
70129050643128832,nan,nan,nan,
70215705904150272,nan,nan,nan,
66742765285619584,nan,nan,nan,
66779358406877568,nan,nan,nan,
66799768088857856,6.4445233,1.8583473,11.0,1
66832100605159424,5.1448417,0.45161948,14.0,1
66846291177113088,-5.889921,8.986962,17.0,2
66898002584817280,nan,nan,nan,
66960743466922624,nan,nan,nan,
67756789882795008,nan,nan,nan,
68120728231661824,1.0250328,3.8645685,9.0,2
68141408498321280,nan,nan,nan,
68167835432980480,nan,nan,nan,
68254245878512384,5.2130475,0.33767933,11.0,1
68314414077327744,36.80986,7.7978625,14.0,2
68367190635351936,nan,nan,nan,
68390830135333504,nan,nan,nan,
68395399980532864,nan,nan,nan,
68505110624876032,nan,nan,nan,
68559738312482048,nan,nan,nan,
68591456647799552,nan,nan,nan,
69122520763444352,nan,nan,nan,
51694746068624128,7.0878253,0.4416956,21.0,1
63430967542044800,7.212557,2.6277416,14.0,2
53227396558316416,nan,nan,nan,
53783852522073856,7.9603553,0.31229734,22.0,1
64027143362491008,nan,nan,nan,
64064011363520512,nan,nan,nan,
64066107307543296,4.615123,0.95076483,29.0,1
64078167575681152,25.01369,5.6333017,26.0,2
64297485783636352,nan,nan,nan,
64450283540250240,9.183692,0.7396937,17.0,1
64453887017111808,nan,nan,nan,
64588753286083328,nan,nan,nan,
64667535869958784,nan,nan,nan,
64795289673433728,nan,nan,nan,
64798691287540224,nan,nan,nan,
64943758103791104,nan,nan,nan,
64971933089093760,6.731614,3.0530305,13.0,1
64987876007763968,nan,nan,nan,
64999558318784768,nan,nan,nan,
65014195567317504,nan,nan,nan,
65042439271761280,nan,nan,nan,
65056526764528128,-7.40606,7.0031767,11.0,2
65072435323295872,4.823638,0.8055335,16.0,1
65079788307324672,nan,nan,nan,
65134592089910656,22.345871,6.4833684,14.0,2
65151531440914560,6.1792736,2.4422998,13.0,2
65163110673516928,nan,nan,nan,
65264506261240448,nan,nan,nan,
65285633203088768,nan,nan,nan,
65467778474649856,nan,nan,nan,
65588484235454592,6.2502184,0.9449591,25.0,1
66009047433698048,nan,nan,nan,
66161020555461120,nan,nan,nan,
66445038154189952,nan,nan,nan,
66452769091505024,5.565687,0.5212865,20.0,1
66502281478384000,5.483836,0.7322277,15.0,1
66566946505629440,7.5449734,1.2695082,31.0,1
66570554277316992,5.67368,0.5827635,21.0,1
66612473157921024,6.54764,7.5714383,23.0,1
66733763034205696,12.147497,4.660869,13.0,2
66745170467302656,nan,nan,nan,
66754241438299520,6.1249285,1.2158641,22.0,1
66800244832257280,nan,nan,nan,
51365476695288064,45.469147,5.8180885,14.0,2
51391418298186368,nan,nan,nan,
51497864767442176,nan,nan,nan,
63717665199974016,nan,nan,nan,
64129294866302336,nan,nan,nan,
64250477365329536,36.11789,5.2950745,12.0,2
64555694921236352,nan,nan,nan,
64671903852618624,nan,nan,nan,
64796045587678208,nan,nan,nan,
64808204638390912,6.324677,0.4442196,13.0,1
64840541448791424,nan,nan,nan,
64899017426872960,5.726292,0.6101194,14.0,1
64438841747360768,7.361235,2.3796651,13.0,2
64642801154268672,40.909855,7.0280166,12.0,2
64665203703566848,nan,nan,nan,
64798038452412928,nan,nan,nan,
64905618794174720,23.848179,17.224146,16.0,2
64928674178659968,nan,nan,nan,
64940906245415808,nan,nan,nan,
64959662365552384,-21.744072,13.518519,16.0,1
64990586130069504,5.6911955,2.2895463,11.0,1
65084358152509440,3.6960945,4.82149,14.0,2
65153833543386624,4.6637115,3.0164638,16.0,2
65232105028172160,8.498909,0.3929485,13.0,1
65254576296865152,nan,nan,nan,
65292234570088064,7.611011,0.80330706,18.0,1
65297594689312768,-2.7681155,5.851743,10.0,2
65437644983224320,8.4052105,0.82692957,19.0,1
65576011650237440,35.32908,6.180023,19.0,2
65641913628380288,19.819576,3.5965421,25.0,2
65680499614460800,5.42941,1.0144212,34.0,1
65768151306811904,-4.0586967,4.990176,18.0,2
66452734735432192,24.27805,5.757842,18.0,2
66483795939004416,nan,nan,nan,
66521381194879232,nan,nan,nan,
66715105696289024,nan,nan,nan,
66720294016753280,nan,nan,nan,
66763965244167808,nan,nan,nan,
66783584654831872,nan,nan,nan,
66838452861270272,5.1193595,0.7302814,11.0,1
66808869124393600,4.8971567,0.806183,10.0,1
67349764424286848,nan,nan,nan,
67411989910269696,-2.0171254,5.0196667,22.0,1
68303728198686080,nan,nan,nan,
68323966084583680,nan,nan,nan,
68348155340347776,nan,nan,nan,
68395606138958592,nan,nan,nan,
68468203969427200,nan,nan,nan,
69409424578948608,nan,nan,nan,
69823940463098752,-3.5959084,9.20926,11.0,1
69834282744302208,nan,nan,nan,
69872044096705664,0.7170185,0.6512598,19.0,1
69878503727603072,-35.603287,7.381642,11.0,2
70114039734416128,11.013411,7.004017,11.0,2
70180216590377600,nan,nan,nan,
64964717544035200,30.061113,7.5547857,10.0,2
64967603762044928,nan,nan,nan,
64977705525131904,-13.442302,8.021964,14.0,2
64985127228608128,6.9034915,5.2234654,12.0,1
64990349908937984,-10.914239,6.115671,9.0,2
64990792288875264,nan,nan,nan,
65010549138050944,5.9296613,0.54778653,12.0,1
65030344643851776,7.6179037,1.5757165,8.0,1
65181527493208192,nan,nan,nan,
65244646332548352,nan,nan,nan,
65254851174771584,15.180866,6.5293174,10.0,2
65309100904545280,7.1738048,0.52162564,18.0,1
65330099002345216,6.566545,0.9449196,26.0,1
65800930496992512,2.2314572,8.190568,21.0,1
66481837433947392,-6.92526,7.910427,32.0,1
66499154741977216,5.0705614,0.49778828,20.0,1
66542551091588352,-21.657846,5.122916,31.0,2
66702048996405632,nan,nan,nan,
66711532283494656,nan,nan,nan,
66730120901930240,-4.709481,12.609408,16.0,1
66867800374681344,1.5645334,5.249839,22.0,2
67376633739588352,nan,nan,nan,
67011767677005568,nan,nan,nan,
67069835634816896,nan,nan,nan,
67832346947351424,nan,nan,nan,
67998201404864896,nan,nan,nan,
68168419548529920,nan,nan,nan,
68174191984522368,nan,nan,nan,
68322454256073344,nan,nan,nan,
68385057699293056,nan,nan,nan,
68390417818463872,6.5824285,0.85341036,12.0,1
68444878003882240,5.2395177,0.24068579,8.0,1
68580530251050496,-7.177868,5.859766,12.0,2
70028170451469312,2.0729873,8.636045,10.0,2
70037795475083008,nan,nan,nan,
70121805035254144,4.7194905,1.1474776,16.0,1
70271854012150912,nan,nan,nan,
67878663874731136,nan,nan,nan,
68045583484082048,-2.7772043,9.580679,8.0,2
68051390279853824,6.1701,2.3072474,13.0,2
68317746971945600,nan,nan,nan,
68334617603435648,nan,nan,nan,
68828225308044288,nan,nan,nan,
69400010010608768,-13.772385,9.591617,13.0,2
69643757994608512,3.780799,0.77586234,13.0,1
69942515919994368,nan,nan,nan,
70097581419826944,-12.583101,7.1649356,9.0,2
69854348831573504,-6.767354,7.583995,16.0,2
69859262274067584,-3.8027198,17.900665,18.0,2
69889876800977408,nan,nan,nan,
69932276717968512,-30.813772,4.950311,15.0,2
69968113925681408,nan,nan,nan,
69988489250631680,9.250212,1.8262933,15.0,2
70044456967585280,nan,nan,nan,
70200935512668800,29.982038,11.290683,14.0,2
70252681278085376,4.747485,0.5147817,12.0,1
70948534699826816,nan,nan,nan,
71723862196809856,nan,nan,nan,
70077270518065920,nan,nan,nan,
70088819686490496,nan,nan,nan,
70123003329050880,nan,nan,nan,
70189837317110016,nan,nan,nan,
71078483230315520,nan,nan,nan,
71161771235981312,nan,nan,nan,
117672075163287680,3.124984,0.42449304,7.0,1
70150357977789056,-21.293121,9.006933,11.0,2
70248180152474368,-156.32446,7.049264,6.0,2
71216093982249984,nan,nan,nan,
71377000637253504,2.2843397,1.8862675,15.0,2
70457671479120000,nan,nan,nan,
70506874624338176,4.297386,0.291242,37.0,1
71042439864623104,4.250454,3.5122993,14.0,2
71452282823829632,0.9993691,2.8920743,16.0,1
117857755189714048,4.532347,7.701855,11.0,2
70125000491024128,4.58411,0.9154732,16.0,1
70426507196531456,6.477546,2.384565,31.0,2
71021927100882560,-18.826647,5.8906403,15.0,2
70072773688658432,nan,nan,nan,
70310027681371648,14.480397,6.7533765,16.0,2
71404385348752768,5.4401956,2.6958966,10.0,2
69819404977607168,10.631913,12.048621,7.0,1
69917635172718720,5.738951,1.3479741,15.0,1
69935162935991168,2.4496233,11.015151,18.0,1
70127955428529536,nan,nan,nan,
70847512772943488,nan,nan,nan,
71262410909499264,nan,nan,nan,
71309655549854080,670.9764,8.43502,5.0,2
71371262561007232,3.99628,1.3015015,9.0,1
119400851039785600,nan,nan,nan,
71409985986006016,nan,nan,nan,
117669120225730048,nan,nan,nan,
71207710206088192,nan,nan,nan,
163355546348513152,30.807,6.824354,16.0,2
70334384440377472,nan,nan,nan,
70404894921335936,-4.8848753,4.8211436,22.0,2
71079441007018880,nan,nan,nan,
70158977974956672,2.4922416,0.97268105,12.0,1
70165476262750976,nan,nan,nan,
70356580830628864,nan,nan,nan,
70493268167993984,nan,nan,nan,
71202831123254272,5.4403577,6.2275124,8.0,2
71351883668034048,-0.09891716,2.208893,14.0,2
71917685480203136,nan,nan,nan,
117874110425255424,nan,nan,nan,
69812945346809600,12.905188,1.0432782,10.0,1
69847610026687104,5.813712,0.46050665,13.0,1
69877163697813248,8.142895,2.8614335,11.0,2
69898294936767488,nan,nan,nan,
69904101732529408,3.3623624,2.0829256,10.0,1
69906571336964608,5.723299,0.91527987,16.0,1
70129913933603328,nan,nan,nan,
71100404743364992,nan,nan,nan,
71103428400426368,nan,nan,nan,
71108440625265280,nan,nan,nan,
71296667568555904,1.554063,2.906263,5.0,1
70461554129560448,7.7902875,5.9661503,15.0,1
70495707709395584,nan,nan,nan,
71873842454589568,8.662414,4.6558394,14.0,2
119520079331712896,25.088032,0.8911304,10.0,1
