sample,geometry,radius_inner_pc,radius_pc,projection,alpha,alpha_err,n
initial_global_birth_mass,global,0.0,inf,none,2.019,0.11050000000000015,269
final_survivors_birth_mass,global,0.0,inf,none,2.019,0.11050000000000015,269
final_survivors_current_mass,global,0.0,inf,none,1.8890000000000002,0.10350000000000004,291
final_current_mass_3d,sphere,0.0,2.0,none,nan,nan,4
final_current_mass_projected,cylinder,0.0,2.0,p000,1.6230000000000002,0.5154999999999998,11
final_current_mass_projected,cylinder,0.0,2.0,p001,1.2570000000000001,0.5225000000000001,10
final_current_mass_projected,cylinder,0.0,2.0,p002,1.346,0.5260000000000001,10
final_current_mass_projected,cylinder,0.0,2.0,p003,nan,nan,9
final_current_mass_projected,cylinder,0.0,2.0,p004,1.324,0.5,11
final_current_mass_projected,cylinder,0.0,2.0,p005,0.923,0.49450000000000005,11
final_current_mass_projected,cylinder,0.0,2.0,p006,1.439,0.5050000000000001,11
final_current_mass_projected,cylinder,0.0,2.0,p007,nan,nan,6
final_current_mass_projected,cylinder,0.0,2.0,p008,1.499,0.40800000000000003,17
final_current_mass_projected,cylinder,0.0,2.0,p009,1.4480000000000002,0.4645000000000001,13
final_current_mass_projected,cylinder,0.0,2.0,p010,nan,nan,8
final_current_mass_projected,cylinder,0.0,2.0,p011,nan,nan,9
final_current_mass_projected,cylinder,0.0,2.0,p012,nan,nan,9
final_current_mass_projected,cylinder,0.0,2.0,p013,1.788,0.5285000000000001,11
final_current_mass_projected,cylinder,0.0,2.0,p014,nan,nan,8
final_current_mass_projected,cylinder,0.0,2.0,p015,1.3590000000000002,0.4610000000000001,13
final_current_mass_projected,cylinder,0.0,2.0,p016,1.7730000000000001,0.485,13
final_current_mass_projected,cylinder,0.0,2.0,p017,1.7300000000000002,0.46399999999999997,14
final_current_mass_projected,cylinder,0.0,2.0,p018,0.765,0.522,10
final_current_mass_projected,cylinder,0.0,2.0,p019,1.37,0.403,17
final_current_mass_projected,cylinder,0.0,2.0,p020,1.586,0.42500000000000004,16
final_current_mass_projected,cylinder,0.0,2.0,p021,2.011,0.4554999999999999,16
final_current_mass_projected,cylinder,0.0,2.0,p022,1.661,0.5440000000000002,10
final_current_mass_projected,cylinder,0.0,2.0,p023,1.2990000000000002,0.4425000000000001,14
final_current_mass_projected,cylinder,0.0,2.0,p024,1.4200000000000002,0.529,10
final_current_mass_projected,cylinder,0.0,2.0,p025,1.7100000000000002,0.397,19
final_current_mass_projected,cylinder,0.0,2.0,p026,1.4480000000000002,0.4645000000000001,13
final_current_mass_projected,cylinder,0.0,2.0,p027,0.655,0.526,10
final_current_mass_projected,cylinder,0.0,2.0,p028,1.516,0.4680000000000001,13
final_current_mass_projected,cylinder,0.0,2.0,p029,nan,nan,9
final_current_mass_projected,cylinder,0.0,2.0,p030,nan,nan,8
final_current_mass_projected,cylinder,0.0,2.0,p031,nan,nan,8
final_current_mass_3d,sphere,0.0,4.0,none,1.679,0.45999999999999996,14
final_current_mass_projected,cylinder,0.0,4.0,p000,1.818,0.3264999999999999,29
final_current_mass_projected,cylinder,0.0,4.0,p001,1.9280000000000002,0.2865000000000001,39
final_current_mass_projected,cylinder,0.0,4.0,p002,1.465,0.32199999999999995,27
final_current_mass_projected,cylinder,0.0,4.0,p003,1.4960000000000002,0.3175,28
final_current_mass_projected,cylinder,0.0,4.0,p004,1.608,0.3055,31
final_current_mass_projected,cylinder,0.0,4.0,p005,1.62,0.2839999999999999,36
final_current_mass_projected,cylinder,0.0,4.0,p006,1.596,0.28700000000000003,35
final_current_mass_projected,cylinder,0.0,4.0,p007,1.6460000000000001,0.37349999999999983,21
final_current_mass_projected,cylinder,0.0,4.0,p008,1.4700000000000002,0.279,36
final_current_mass_projected,cylinder,0.0,4.0,p009,1.7540000000000002,0.29799999999999993,34
final_current_mass_projected,cylinder,0.0,4.0,p010,1.4040000000000001,0.29900000000000004,31
final_current_mass_projected,cylinder,0.0,4.0,p011,2.054,0.29000000000000004,40
final_current_mass_projected,cylinder,0.0,4.0,p012,2.044,0.3055000000000001,36
final_current_mass_projected,cylinder,0.0,4.0,p013,1.79,0.27249999999999985,41
final_current_mass_projected,cylinder,0.0,4.0,p014,1.7830000000000001,0.2629999999999999,44
final_current_mass_projected,cylinder,0.0,4.0,p015,1.679,0.31400000000000006,30
final_current_mass_projected,cylinder,0.0,4.0,p016,1.947,0.30400000000000005,35
final_current_mass_projected,cylinder,0.0,4.0,p017,2.0140000000000002,0.2845000000000001,41
final_current_mass_projected,cylinder,0.0,4.0,p018,1.8290000000000002,0.2745000000000001,41
final_current_mass_projected,cylinder,0.0,4.0,p019,1.675,0.3135,30
final_current_mass_projected,cylinder,0.0,4.0,p020,1.8850000000000002,0.3045000000000001,34
final_current_mass_projected,cylinder,0.0,4.0,p021,2.02,0.2955,38
final_current_mass_projected,cylinder,0.0,4.0,p022,1.7870000000000001,0.29100000000000004,36
final_current_mass_projected,cylinder,0.0,4.0,p023,1.685,0.2825,37
final_current_mass_projected,cylinder,0.0,4.0,p024,1.5750000000000002,0.33899999999999997,25
final_current_mass_projected,cylinder,0.0,4.0,p025,1.495,0.269,39
final_current_mass_projected,cylinder,0.0,4.0,p026,1.7080000000000002,0.2765000000000001,39
final_current_mass_projected,cylinder,0.0,4.0,p027,1.616,0.30600000000000005,31
final_current_mass_projected,cylinder,0.0,4.0,p028,1.485,0.3115,29
final_current_mass_projected,cylinder,0.0,4.0,p029,1.572,0.31500000000000006,29
final_current_mass_projected,cylinder,0.0,4.0,p030,1.5310000000000001,0.28900000000000003,34
final_current_mass_projected,cylinder,0.0,4.0,p031,1.33,0.29700000000000004,31
final_current_mass_3d,sphere,0.0,8.0,none,1.8250000000000002,0.23050000000000004,58
final_current_mass_projected,cylinder,0.0,8.0,p000,1.899,0.18699999999999994,90
final_current_mass_projected,cylinder,0.0,8.0,p001,1.87,0.1725,105
final_current_mass_projected,cylinder,0.0,8.0,p002,1.7610000000000001,0.17699999999999994,96
final_current_mass_projected,cylinder,0.0,8.0,p003,1.7200000000000002,0.1735,99
final_current_mass_projected,cylinder,0.0,8.0,p004,1.8110000000000002,0.1805,94
final_current_mass_projected,cylinder,0.0,8.0,p005,1.766,0.18299999999999994,90
final_current_mass_projected,cylinder,0.0,8.0,p006,1.7730000000000001,0.1795,94
final_current_mass_projected,cylinder,0.0,8.0,p007,1.766,0.19299999999999995,81
final_current_mass_projected,cylinder,0.0,8.0,p008,1.8880000000000001,0.17700000000000005,100
final_current_mass_projected,cylinder,0.0,8.0,p009,1.8350000000000002,0.1755,100
final_current_mass_projected,cylinder,0.0,8.0,p010,1.8170000000000002,0.1785,96
final_current_mass_projected,cylinder,0.0,8.0,p011,1.7220000000000002,0.1725,100
final_current_mass_projected,cylinder,0.0,8.0,p012,1.921,0.18599999999999994,92
final_current_mass_projected,cylinder,0.0,8.0,p013,1.9080000000000001,0.1735,105
final_current_mass_projected,cylinder,0.0,8.0,p014,1.8030000000000002,0.16900000000000004,107
final_current_mass_projected,cylinder,0.0,8.0,p015,1.8110000000000002,0.1815,93
final_current_mass_projected,cylinder,0.0,8.0,p016,2.015,0.1894999999999999,92
final_current_mass_projected,cylinder,0.0,8.0,p017,2.009,0.1795000000000001,102
final_current_mass_projected,cylinder,0.0,8.0,p018,1.8290000000000002,0.1735,102
final_current_mass_projected,cylinder,0.0,8.0,p019,1.693,0.18300000000000005,88
final_current_mass_projected,cylinder,0.0,8.0,p020,1.8510000000000002,0.18399999999999994,92
final_current_mass_projected,cylinder,0.0,8.0,p021,1.9880000000000002,0.1825,98
final_current_mass_projected,cylinder,0.0,8.0,p022,1.899,0.17199999999999993,107
final_current_mass_projected,cylinder,0.0,8.0,p023,1.661,0.17100000000000004,100
final_current_mass_projected,cylinder,0.0,8.0,p024,1.806,0.19299999999999984,82
final_current_mass_projected,cylinder,0.0,8.0,p025,1.8750000000000002,0.17499999999999993,102
final_current_mass_projected,cylinder,0.0,8.0,p026,1.834,0.17299999999999993,103
final_current_mass_projected,cylinder,0.0,8.0,p027,1.7650000000000001,0.18299999999999994,90
final_current_mass_projected,cylinder,0.0,8.0,p028,1.7080000000000002,0.17600000000000005,96
final_current_mass_projected,cylinder,0.0,8.0,p029,1.745,0.18799999999999994,85
final_current_mass_projected,cylinder,0.0,8.0,p030,1.8610000000000002,0.18099999999999994,95
final_current_mass_projected,cylinder,0.0,8.0,p031,1.6320000000000001,0.1745,95
final_current_mass_3d,sphere,0.0,11.68,none,1.796,0.16300000000000003,115
final_current_mass_projected,cylinder,0.0,11.68,p000,1.87,0.14800000000000002,142
final_current_mass_projected,cylinder,0.0,11.68,p001,1.8870000000000002,0.1409999999999999,158
final_current_mass_projected,cylinder,0.0,11.68,p002,1.7510000000000001,0.14649999999999996,140
final_current_mass_projected,cylinder,0.0,11.68,p003,1.7510000000000001,0.1469999999999999,139
final_current_mass_projected,cylinder,0.0,11.68,p004,1.842,0.14749999999999996,142
final_current_mass_projected,cylinder,0.0,11.68,p005,1.858,0.14650000000000007,145
final_current_mass_projected,cylinder,0.0,11.68,p006,1.8290000000000002,0.14249999999999996,152
final_current_mass_projected,cylinder,0.0,11.68,p007,1.8230000000000002,0.14850000000000008,139
final_current_mass_projected,cylinder,0.0,11.68,p008,1.85,0.14450000000000007,149
final_current_mass_projected,cylinder,0.0,11.68,p009,1.8490000000000002,0.14400000000000002,149
final_current_mass_projected,cylinder,0.0,11.68,p010,1.8920000000000001,0.14849999999999985,143
final_current_mass_projected,cylinder,0.0,11.68,p011,1.8150000000000002,0.14500000000000002,145
final_current_mass_projected,cylinder,0.0,11.68,p012,1.836,0.14800000000000002,141
final_current_mass_projected,cylinder,0.0,11.68,p013,1.8610000000000002,0.1429999999999999,152
final_current_mass_projected,cylinder,0.0,11.68,p014,1.854,0.14149999999999996,155
final_current_mass_projected,cylinder,0.0,11.68,p015,1.8900000000000001,0.14949999999999986,140
final_current_mass_projected,cylinder,0.0,11.68,p016,1.9100000000000001,0.14749999999999996,145
final_current_mass_projected,cylinder,0.0,11.68,p017,1.8900000000000001,0.1469999999999998,145
final_current_mass_projected,cylinder,0.0,11.68,p018,1.9000000000000001,0.14200000000000002,156
final_current_mass_projected,cylinder,0.0,11.68,p019,1.832,0.15100000000000002,135
final_current_mass_projected,cylinder,0.0,11.68,p020,1.905,0.14849999999999997,144
final_current_mass_projected,cylinder,0.0,11.68,p021,1.9100000000000001,0.1489999999999999,142
final_current_mass_projected,cylinder,0.0,11.68,p022,1.921,0.14600000000000002,150
final_current_mass_projected,cylinder,0.0,11.68,p023,1.8330000000000002,0.14350000000000007,149
final_current_mass_projected,cylinder,0.0,11.68,p024,1.8150000000000002,0.15100000000000002,135
final_current_mass_projected,cylinder,0.0,11.68,p025,1.864,0.1429999999999999,153
final_current_mass_projected,cylinder,0.0,11.68,p026,1.8390000000000002,0.14349999999999996,150
final_current_mass_projected,cylinder,0.0,11.68,p027,1.8410000000000002,0.14950000000000008,139
final_current_mass_projected,cylinder,0.0,11.68,p028,1.7670000000000001,0.14349999999999996,147
final_current_mass_projected,cylinder,0.0,11.68,p029,1.832,0.14850000000000008,140
final_current_mass_projected,cylinder,0.0,11.68,p030,1.808,0.14650000000000007,143
final_current_mass_projected,cylinder,0.0,11.68,p031,1.772,0.14700000000000002,140
final_current_mass_3d,sphere,0.0,20.0,none,1.8630000000000002,0.13449999999999995,172
final_current_mass_projected,cylinder,0.0,20.0,p000,1.937,0.12850000000000006,193
final_current_mass_projected,cylinder,0.0,20.0,p001,1.8890000000000002,0.1259999999999999,197
final_current_mass_projected,cylinder,0.0,20.0,p002,1.9080000000000001,0.13050000000000006,185
final_current_mass_projected,cylinder,0.0,20.0,p003,1.8960000000000001,0.131,184
final_current_mass_projected,cylinder,0.0,20.0,p004,1.8730000000000002,0.12849999999999995,189
final_current_mass_projected,cylinder,0.0,20.0,p005,1.895,0.1299999999999999,186
final_current_mass_projected,cylinder,0.0,20.0,p006,1.872,0.1279999999999999,191
final_current_mass_projected,cylinder,0.0,20.0,p007,1.8830000000000002,0.13049999999999995,185
final_current_mass_projected,cylinder,0.0,20.0,p008,1.8690000000000002,0.12750000000000006,192
final_current_mass_projected,cylinder,0.0,20.0,p009,1.864,0.12749999999999995,192
final_current_mass_projected,cylinder,0.0,20.0,p010,1.8760000000000001,0.12849999999999984,190
final_current_mass_projected,cylinder,0.0,20.0,p011,1.9100000000000001,0.12750000000000006,194
final_current_mass_projected,cylinder,0.0,20.0,p012,1.8920000000000001,0.13,186
final_current_mass_projected,cylinder,0.0,20.0,p013,1.8510000000000002,0.128,188
final_current_mass_projected,cylinder,0.0,20.0,p014,1.8820000000000001,0.12549999999999983,199
final_current_mass_projected,cylinder,0.0,20.0,p015,1.9520000000000002,0.1279999999999999,197
final_current_mass_projected,cylinder,0.0,20.0,p016,1.9280000000000002,0.12849999999999984,193
final_current_mass_projected,cylinder,0.0,20.0,p017,1.862,0.128,190
final_current_mass_projected,cylinder,0.0,20.0,p018,1.917,0.126,199
final_current_mass_projected,cylinder,0.0,20.0,p019,1.9520000000000002,0.1279999999999999,196
final_current_mass_projected,cylinder,0.0,20.0,p020,1.939,0.1289999999999999,192
final_current_mass_projected,cylinder,0.0,20.0,p021,1.84,0.12850000000000006,188
final_current_mass_projected,cylinder,0.0,20.0,p022,1.901,0.12749999999999984,195
final_current_mass_projected,cylinder,0.0,20.0,p023,1.8670000000000002,0.127,192
final_current_mass_projected,cylinder,0.0,20.0,p024,1.9280000000000002,0.12950000000000006,190
final_current_mass_projected,cylinder,0.0,20.0,p025,1.8910000000000002,0.12749999999999995,194
final_current_mass_projected,cylinder,0.0,20.0,p026,1.86,0.127,193
final_current_mass_projected,cylinder,0.0,20.0,p027,1.8800000000000001,0.13,186
final_current_mass_projected,cylinder,0.0,20.0,p028,1.895,0.1289999999999999,189
final_current_mass_projected,cylinder,0.0,20.0,p029,1.895,0.1289999999999999,189
final_current_mass_projected,cylinder,0.0,20.0,p030,1.895,0.1299999999999999,186
final_current_mass_projected,cylinder,0.0,20.0,p031,1.8890000000000002,0.1299999999999999,187
final_current_mass_projected_annulus,annulus,0.0,2.0,p000,1.6230000000000002,0.5154999999999998,11
final_current_mass_projected_annulus,annulus,2.0,4.0,p000,1.943,0.42400000000000004,18
final_current_mass_projected_annulus,annulus,4.0,8.0,p000,1.9380000000000002,0.22950000000000004,61
final_current_mass_projected_annulus,annulus,8.0,11.68,p000,1.82,0.24299999999999988,52
final_current_mass_projected_annulus,annulus,11.68,20.0,p000,2.136,0.26149999999999995,51
final_current_mass_projected_annulus,annulus,0.0,2.0,p001,1.2570000000000001,0.5225000000000001,10
final_current_mass_projected_annulus,annulus,2.0,4.0,p001,2.198,0.35150000000000003,29
final_current_mass_projected_annulus,annulus,4.0,8.0,p001,1.8350000000000002,0.21650000000000003,66
final_current_mass_projected_annulus,annulus,8.0,11.68,p001,1.9220000000000002,0.24550000000000005,53
final_current_mass_projected_annulus,annulus,11.68,20.0,p001,1.8960000000000001,0.2849999999999999,39
final_current_mass_projected_annulus,annulus,0.0,2.0,p002,1.346,0.5260000000000001,10
final_current_mass_projected_annulus,annulus,2.0,4.0,p002,1.536,0.4095000000000001,17
final_current_mass_projected_annulus,annulus,4.0,8.0,p002,1.8840000000000001,0.21350000000000002,69
final_current_mass_projected_annulus,annulus,8.0,11.68,p002,1.731,0.261,44
final_current_mass_projected_annulus,annulus,11.68,20.0,p002,2.4690000000000003,0.30099999999999993,45
final_current_mass_projected_annulus,annulus,0.0,2.0,p003,nan,nan,9
final_current_mass_projected_annulus,annulus,2.0,4.0,p003,1.8370000000000002,0.40500000000000014,19
final_current_mass_projected_annulus,annulus,4.0,8.0,p003,1.8130000000000002,0.20799999999999996,71
final_current_mass_projected_annulus,annulus,8.0,11.68,p003,1.8290000000000002,0.278,40
final_current_mass_projected_annulus,annulus,11.68,20.0,p003,2.406,0.2965,45
final_current_mass_projected_annulus,annulus,0.0,2.0,p004,1.324,0.5,11
final_current_mass_projected_annulus,annulus,2.0,4.0,p004,1.774,0.39050000000000007,20
final_current_mass_projected_annulus,annulus,4.0,8.0,p004,1.9160000000000001,0.22499999999999998,63
final_current_mass_projected_annulus,annulus,8.0,11.68,p004,1.905,0.2569999999999999,48
final_current_mass_projected_annulus,annulus,11.68,20.0,p004,1.969,0.263,47
final_current_mass_projected_annulus,annulus,0.0,2.0,p005,0.923,0.49450000000000005,11
final_current_mass_projected_annulus,annulus,2.0,4.0,p005,1.9620000000000002,0.36049999999999993,25
final_current_mass_projected_annulus,annulus,4.0,8.0,p005,1.8670000000000002,0.24050000000000005,54
final_current_mass_projected_annulus,annulus,8.0,11.68,p005,2.017,0.245,55
final_current_mass_projected_annulus,annulus,11.68,20.0,p005,2.026,0.28500000000000003,41
final_current_mass_projected_annulus,annulus,0.0,2.0,p006,1.439,0.5050000000000001,11
final_current_mass_projected_annulus,annulus,2.0,4.0,p006,1.6700000000000002,0.35050000000000003,24
final_current_mass_projected_annulus,annulus,4.0,8.0,p006,1.8830000000000002,0.23099999999999998,59
final_current_mass_projected_annulus,annulus,8.0,11.68,p006,1.923,0.23449999999999993,58
final_current_mass_projected_annulus,annulus,11.68,20.0,p006,2.045,0.2935,39
final_current_mass_projected_annulus,annulus,0.0,2.0,p007,nan,nan,6
final_current_mass_projected_annulus,annulus,2.0,4.0,p007,1.7870000000000001,0.45199999999999996,15
final_current_mass_projected_annulus,annulus,4.0,8.0,p007,1.8090000000000002,0.22599999999999987,60
final_current_mass_projected_annulus,annulus,8.0,11.68,p007,1.903,0.23350000000000004,58
final_current_mass_projected_annulus,annulus,11.68,20.0,p007,2.076,0.2715000000000001,46
final_current_mass_projected_annulus,annulus,0.0,2.0,p008,1.499,0.40800000000000003,17
final_current_mass_projected_annulus,annulus,2.0,4.0,p008,1.443,0.384,19
final_current_mass_projected_annulus,annulus,4.0,8.0,p008,2.153,0.23399999999999999,64
final_current_mass_projected_annulus,annulus,8.0,11.68,p008,1.774,0.24849999999999983,49
final_current_mass_projected_annulus,annulus,11.68,20.0,p008,1.9360000000000002,0.27349999999999997,43
final_current_mass_projected_annulus,annulus,0.0,2.0,p009,1.4480000000000002,0.4645000000000001,13
final_current_mass_projected_annulus,annulus,2.0,4.0,p009,1.9580000000000002,0.39350000000000007,21
final_current_mass_projected_annulus,annulus,4.0,8.0,p009,1.8780000000000001,0.21800000000000008,66
final_current_mass_projected_annulus,annulus,8.0,11.68,p009,1.8770000000000002,0.25350000000000006,49
final_current_mass_projected_annulus,annulus,11.68,20.0,p009,1.919,0.2725000000000001,43
final_current_mass_projected_annulus,annulus,0.0,2.0,p010,nan,nan,8
final_current_mass_projected_annulus,annulus,2.0,4.0,p010,1.564,0.353,23
final_current_mass_projected_annulus,annulus,4.0,8.0,p010,2.033,0.2260000000000001,65
final_current_mass_projected_annulus,annulus,8.0,11.68,p010,2.054,0.26749999999999996,47
final_current_mass_projected_annulus,annulus,11.68,20.0,p010,1.8250000000000002,0.25649999999999995,47
final_current_mass_projected_annulus,annulus,0.0,2.0,p011,nan,nan,9
final_current_mass_projected_annulus,annulus,2.0,4.0,p011,2.3240000000000003,0.35,31
final_current_mass_projected_annulus,annulus,4.0,8.0,p011,1.5190000000000001,0.21700000000000008,60
final_current_mass_projected_annulus,annulus,8.0,11.68,p011,2.031,0.27249999999999996,45
final_current_mass_projected_annulus,annulus,11.68,20.0,p011,2.216,0.2715000000000001,49
final_current_mass_projected_annulus,annulus,0.0,2.0,p012,nan,nan,9
final_current_mass_projected_annulus,annulus,2.0,4.0,p012,2.273,0.3710000000000001,27
final_current_mass_projected_annulus,annulus,4.0,8.0,p012,1.8450000000000002,0.23549999999999993,56
final_current_mass_projected_annulus,annulus,8.0,11.68,p012,1.6820000000000002,0.24550000000000005,49
final_current_mass_projected_annulus,annulus,11.68,20.0,p012,2.076,0.27500000000000013,45
final_current_mass_projected_annulus,annulus,0.0,2.0,p013,1.788,0.5285000000000001,11
final_current_mass_projected_annulus,annulus,2.0,4.0,p013,1.79,0.3195,30
final_current_mass_projected_annulus,annulus,4.0,8.0,p013,1.9860000000000002,0.2260000000000001,64
final_current_mass_projected_annulus,annulus,8.0,11.68,p013,1.7600000000000002,0.25349999999999995,47
final_current_mass_projected_annulus,annulus,11.68,20.0,p013,1.808,0.2919999999999999,36
final_current_mass_projected_annulus,annulus,0.0,2.0,p014,nan,nan,8
final_current_mass_projected_annulus,annulus,2.0,4.0,p014,1.977,0.30100000000000005,36
final_current_mass_projected_annulus,annulus,4.0,8.0,p014,1.8170000000000002,0.22099999999999986,63
final_current_mass_projected_annulus,annulus,8.0,11.68,p014,1.9720000000000002,0.26049999999999995,48
final_current_mass_projected_annulus,annulus,11.68,20.0,p014,1.9820000000000002,0.2725000000000001,44
final_current_mass_projected_annulus,annulus,0.0,2.0,p015,1.3590000000000002,0.4610000000000001,13
final_current_mass_projected_annulus,annulus,2.0,4.0,p015,1.9460000000000002,0.43699999999999994,17
final_current_mass_projected_annulus,annulus,4.0,8.0,p015,1.8750000000000002,0.22299999999999998,63
final_current_mass_projected_annulus,annulus,8.0,11.68,p015,2.054,0.26749999999999996,47
final_current_mass_projected_annulus,annulus,11.68,20.0,p015,2.111,0.246,57
final_current_mass_projected_annulus,annulus,0.0,2.0,p016,1.7730000000000001,0.485,13
final_current_mass_projected_annulus,annulus,2.0,4.0,p016,2.056,0.392,22
final_current_mass_projected_annulus,annulus,4.0,8.0,p016,2.057,0.2430000000000001,57
final_current_mass_projected_annulus,annulus,8.0,11.68,p016,1.7380000000000002,0.23750000000000004,53
final_current_mass_projected_annulus,annulus,11.68,20.0,p016,1.983,0.261,48
final_current_mass_projected_annulus,annulus,0.0,2.0,p017,1.7300000000000002,0.46399999999999997,14
final_current_mass_projected_annulus,annulus,2.0,4.0,p017,2.1750000000000003,0.36250000000000004,27
final_current_mass_projected_annulus,annulus,4.0,8.0,p017,2.0060000000000002,0.23249999999999993,61
final_current_mass_projected_annulus,annulus,8.0,11.68,p017,1.6250000000000002,0.26,43
final_current_mass_projected_annulus,annulus,11.68,20.0,p017,1.774,0.25949999999999995,45
final_current_mass_projected_annulus,annulus,0.0,2.0,p018,0.765,0.522,10
final_current_mass_projected_annulus,annulus,2.0,4.0,p018,2.242,0.3435,31
final_current_mass_projected_annulus,annulus,4.0,8.0,p018,1.8290000000000002,0.22499999999999987,61
final_current_mass_projected_annulus,annulus,8.0,11.68,p018,2.04,0.24850000000000005,54
final_current_mass_projected_annulus,annulus,11.68,20.0,p018,1.9800000000000002,0.27549999999999997,43
final_current_mass_projected_annulus,annulus,0.0,2.0,p019,1.37,0.403,17
final_current_mass_projected_annulus,annulus,2.0,4.0,p019,2.1220000000000003,0.518,13
final_current_mass_projected_annulus,annulus,4.0,8.0,p019,1.701,0.22599999999999998,58
final_current_mass_projected_annulus,annulus,8.0,11.68,p019,2.1140000000000003,0.271,47
final_current_mass_projected_annulus,annulus,11.68,20.0,p019,2.2390000000000003,0.24449999999999994,61
final_current_mass_projected_annulus,annulus,0.0,2.0,p020,1.586,0.42500000000000004,16
final_current_mass_projected_annulus,annulus,2.0,4.0,p020,2.18,0.4454999999999999,18
final_current_mass_projected_annulus,annulus,4.0,8.0,p020,1.832,0.23049999999999993,58
final_current_mass_projected_annulus,annulus,8.0,11.68,p020,2.003,0.25150000000000006,52
final_current_mass_projected_annulus,annulus,11.68,20.0,p020,2.043,0.2640000000000001,48
final_current_mass_projected_annulus,annulus,0.0,2.0,p021,2.011,0.4554999999999999,16
final_current_mass_projected_annulus,annulus,2.0,4.0,p021,2.027,0.38949999999999996,22
final_current_mass_projected_annulus,annulus,4.0,8.0,p021,1.9680000000000002,0.23299999999999998,60
final_current_mass_projected_annulus,annulus,8.0,11.68,p021,1.741,0.261,44
final_current_mass_projected_annulus,annulus,11.68,20.0,p021,1.637,0.25150000000000006,46
final_current_mass_projected_annulus,annulus,0.0,2.0,p022,1.661,0.5440000000000002,10
final_current_mass_projected_annulus,annulus,2.0,4.0,p022,1.8370000000000002,0.3454999999999999,26
final_current_mass_projected_annulus,annulus,4.0,8.0,p022,1.957,0.2134999999999999,71
final_current_mass_projected_annulus,annulus,8.0,11.68,p022,1.975,0.27500000000000013,43
final_current_mass_projected_annulus,annulus,11.68,20.0,p022,1.838,0.26249999999999996,45
final_current_mass_projected_annulus,annulus,0.0,2.0,p023,1.2990000000000002,0.4425000000000001,14
final_current_mass_projected_annulus,annulus,2.0,4.0,p023,1.941,0.375,23
final_current_mass_projected_annulus,annulus,4.0,8.0,p023,1.647,0.21499999999999997,63
final_current_mass_projected_annulus,annulus,8.0,11.68,p023,2.224,0.27200000000000013,49
final_current_mass_projected_annulus,annulus,11.68,20.0,p023,1.987,0.276,43
final_current_mass_projected_annulus,annulus,0.0,2.0,p024,1.4200000000000002,0.529,10
final_current_mass_projected_annulus,annulus,2.0,4.0,p024,1.6820000000000002,0.44499999999999995,15
final_current_mass_projected_annulus,annulus,4.0,8.0,p024,1.913,0.23649999999999993,57
final_current_mass_projected_annulus,annulus,8.0,11.68,p024,1.828,0.24149999999999994,53
final_current_mass_projected_annulus,annulus,11.68,20.0,p024,2.2310000000000003,0.2570000000000001,55
final_current_mass_projected_annulus,annulus,0.0,2.0,p025,1.7100000000000002,0.397,19
final_current_mass_projected_annulus,annulus,2.0,4.0,p025,1.3,0.3690000000000001,20
final_current_mass_projected_annulus,annulus,4.0,8.0,p025,2.1380000000000003,0.2350000000000001,63
final_current_mass_projected_annulus,annulus,8.0,11.68,p025,1.8410000000000002,0.24650000000000005,51
final_current_mass_projected_annulus,annulus,11.68,20.0,p025,1.9940000000000002,0.2829999999999999,41
final_current_mass_projected_annulus,annulus,0.0,2.0,p026,1.4480000000000002,0.4645000000000001,13
final_current_mass_projected_annulus,annulus,2.0,4.0,p026,1.8450000000000002,0.34599999999999986,26
final_current_mass_projected_annulus,annulus,4.0,8.0,p026,1.9140000000000001,0.22299999999999998,64
final_current_mass_projected_annulus,annulus,8.0,11.68,p026,1.8490000000000002,0.25750000000000006,47
final_current_mass_projected_annulus,annulus,11.68,20.0,p026,1.937,0.2735000000000001,43
final_current_mass_projected_annulus,annulus,0.0,2.0,p027,0.655,0.526,10
final_current_mass_projected_annulus,annulus,2.0,4.0,p027,2.1460000000000004,0.40900000000000003,21
final_current_mass_projected_annulus,annulus,4.0,8.0,p027,1.846,0.22949999999999982,59
final_current_mass_projected_annulus,annulus,8.0,11.68,p027,1.9880000000000002,0.2590000000000001,49
final_current_mass_projected_annulus,annulus,11.68,20.0,p027,1.9980000000000002,0.26450000000000007,47
final_current_mass_projected_annulus,annulus,0.0,2.0,p028,1.516,0.4680000000000001,13
final_current_mass_projected_annulus,annulus,2.0,4.0,p028,1.461,0.41900000000000004,16
final_current_mass_projected_annulus,annulus,4.0,8.0,p028,1.8090000000000002,0.21399999999999986,67
final_current_mass_projected_annulus,annulus,8.0,11.68,p028,1.8820000000000001,0.24850000000000017,51
final_current_mass_projected_annulus,annulus,11.68,20.0,p028,2.399,0.3065,42
final_current_mass_projected_annulus,annulus,0.0,2.0,p029,nan,nan,9
final_current_mass_projected_annulus,annulus,2.0,4.0,p029,1.776,0.39050000000000007,20
final_current_mass_projected_annulus,annulus,4.0,8.0,p029,1.8390000000000002,0.23499999999999988,56
final_current_mass_projected_annulus,annulus,8.0,11.68,p029,1.971,0.24299999999999988,55
final_current_mass_projected_annulus,annulus,11.68,20.0,p029,2.084,0.26350000000000007,49
final_current_mass_projected_annulus,annulus,0.0,2.0,p030,nan,nan,8
final_current_mass_projected_annulus,annulus,2.0,4.0,p030,1.729,0.3394999999999999,26
final_current_mass_projected_annulus,annulus,4.0,8.0,p030,2.063,0.23549999999999993,61
final_current_mass_projected_annulus,annulus,8.0,11.68,p030,1.7060000000000002,0.24850000000000005,48
final_current_mass_projected_annulus,annulus,11.68,20.0,p030,2.204,0.2895,43
final_current_mass_projected_annulus,annulus,0.0,2.0,p031,nan,nan,8
final_current_mass_projected_annulus,annulus,2.0,4.0,p031,1.431,0.348,23
final_current_mass_projected_annulus,annulus,4.0,8.0,p031,1.7870000000000001,0.21799999999999997,64
final_current_mass_projected_annulus,annulus,8.0,11.68,p031,2.092,0.2755000000000001,45
final_current_mass_projected_annulus,annulus,11.68,20.0,p031,2.2720000000000002,0.28049999999999997,47
