run_id,e_internal_initial,err_cum,err_cum_corrected,err_cum_corrected_over_e_int0,err_cum_raw_over_e_int0,mass_final,mass_initial,n_intervals,pred_bulk_missing,ratio_err_cum_over_pred,total_initial,v_cm_initial
mb_train_0000_s40001,-634840156.2172734,-722888300.0,-7517922.26546073,-0.011842228617447017,-1.138693406395975,5725.02668565721,33551.39829211611,27,-715370377.7345393,1.0105091327506022,-2191610000.0,223.55003926128845
mb_train_0000_s90002,-648636998.135519,-687805500.0,1417947.5395269394,0.0021860417207201755,-1.0603858583106873,5741.042760790207,32495.341812938885,27,-689223447.5395269,0.9979426881882952,-2156407000.0,223.55003926128845
mb_train_0000_s90003,-716904442.641704,-676925900.0,2448467.742770314,0.0034153334770084757,-0.944234488916838,5533.924822634689,31937.8511384822,27,-679374367.7427703,0.9963959962886069,-2198807000.0,223.55003926128845
mb_train_0000_s90004,-490890622.5950167,-648227200.0,1281522.656123519,0.0026106073270435464,-1.3205124933396528,5512.921091424854,30767.450699947705,27,-649508722.6561235,0.9980269354183839,-1918487000.0,223.55003926128845
mb_train_0000_s90005,-701160898.9695456,-710589400.0,-272205.39132392406,-0.00038822100850741695,-1.0134469863398128,5901.278548486327,33538.9368208566,27,-710317194.6086761,1.0003832166719178,-2257353000.0,223.55003926128845
mb_train_0001_s40002,-451814.78922384675,-3235775.0,-230630.4867396378,-0.5104536023175071,-7.161728826005451,1094.0386249830171,1206.8599591025309,27,-3005144.513260362,1.0767452233068886,-56449640.0,223.55003926128845
mb_train_0002_s40003,-125987.68970625204,-146998.2,150.86817598724156,0.001197483471115312,-1.1667663748953192,544.2457464604654,550.7996919675813,27,-147149.06817598725,0.9989747255768768,-25682880.0,223.55003926128845
mb_train_0003_s40004,-266402126.7556032,-269045600.0,2783386.118068993,0.010448062678652961,-1.0099228683966999,3022.166837595297,13557.670431564618,27,-271828986.118069,0.989760524961602,-895472600.0,223.55003926128845
mb_train_0004_s40005,-40222.94657891649,-204374.3,-751.763519821252,-0.018689916670980564,-5.081037501790734,553.2748243473836,561.5346268592546,27,-203622.53648017874,1.0036919465439151,-26095210.0,223.55003926128845
mb_train_0005_s40006,-358023.86708799115,-3344748.0,14920.811846612953,0.041675466968088694,-9.342248680806424,984.8019933056576,1115.7591499469177,27,-3359668.811846613,0.9955588444331178,-52128800.0,223.55003926128845
mb_train_0006_s40007,-13195.454650509753,-155341.7,141.22403816209408,0.010702476110335346,-11.77236435684306,899.249872172827,905.4485079653971,27,-155482.9240381621,0.9990917070859342,-42025650.0,223.55003926128845
mb_train_0007_s40008,-4992597.258813566,-5660121.0,24410.71523169428,0.004889382012258528,-1.133702701536367,1010.7247155878388,1226.299368755711,27,-5684531.715231694,0.9957057649680648,-61892400.0,223.55003926128845
mb_train_0008_s40009,-17511371.046908103,-35102240.0,763007.3106131852,0.04357210572314985,-2.004539787659735,1333.5590491118655,2698.526634524049,27,-35865247.310613185,0.9787257200820306,-142722000.0,223.55003926128845
mb_train_0009_s40010,-7168774.022519831,-20594790.0,-289249.80275006965,-0.040348573109073686,-2.8728468682795656,1176.6468811457585,1958.956995963372,27,-20305540.19724993,1.0142448711012004,-98063600.0,223.55003926128845
mb_train_0010_s40011,-2075705.766679103,-7298376.0,-434493.93384535983,-0.20932347003135301,-3.516093714802645,1300.1988311921987,1554.280276774729,27,-6863882.06615464,1.063301485902245,-74193700.0,223.55003926128845
mb_train_0011_s40012,-455131728.064963,-581469800.0,858010.6752719879,0.0018851919617204104,-1.2775857277016824,4418.248198218572,27093.833259810363,27,-582327810.675272,0.9985265847525348,-1712275000.0,223.55003926128845
mb_train_0012_s40013,-24303104.597282182,-15047630.0,127553.50971846282,0.0052484450786064235,-0.6191649276645411,800.4186438716383,1386.5605711429475,27,-15175183.509718463,0.9915945985340622,-88638980.0,223.55003926128845
mb_train_0013_s40014,-332072.58329146524,-464896.7,2809.920366425009,0.008461765613328873,-1.3999851941765182,619.2937563375217,636.4754180388798,27,-467706.620366425,0.9939921304423196,-29864280.0,223.55003926128845
mb_train_0014_s40015,-842846748.2885153,-879788300.0,1231573.0344398022,0.0014612063663301002,-1.0438295001867162,6201.909255503968,40536.17903910692,27,-881019873.0344398,0.998602105273519,-2723709000.0,223.55003926128845
mb_train_0015_s40016,-18521.478118152634,-54274.47,35699.94714288214,1.9274890975301338,-2.930353055721097,747.7203165366768,751.7380680813679,27,-89974.41714288214,0.6032211346677631,-34898880.0,223.55003926128845
mb_train_0016_s40017,-9169538.205684101,-22286120.0,-846183.5229339264,-0.09228202161908067,-2.43045173051191,1626.6165403254786,2437.3642138626487,27,-21439936.477066074,1.0394676319978409,-122262300.0,223.55003926128845
mb_train_0017_s40018,-58468159.04786776,-90544480.0,13963.081014484167,0.00023881513018141415,-1.5486117824553263,2032.7366395209815,5517.412504386003,27,-90558443.08101448,0.9998458113839038,-314473900.0,223.55003926128845
mb_train_0018_s40019,-170613.53462300816,-2120777.0,-208065.36243026867,-1.2195126423587377,-12.430297541669955,879.7518262750621,951.528407220922,27,-1912711.6375697313,1.108780308721619,-44321170.0,223.55003926128845
mb_train_0018_s90182,-51150.85519946648,-212152.2,-401.72656263562385,-0.00785376043213866,-4.147578748638651,908.2525942475368,916.813339920619,27,-211750.4734373644,1.001897169607767,-42590940.0,223.55003926128845
mb_train_0018_s90183,-390938.8676715746,-792691.2,43353.57773524895,0.11089605388551449,-2.02766024448082,891.4915235773119,922.9118232639987,27,-836044.7777352489,0.948144430908726,-43213700.0,223.55003926128845
mb_train_0018_s90184,-1421660.1884467092,-1636183.0,92066.82266887464,0.06476007657601067,-1.1508959829477086,892.7577319195552,961.8538068667672,27,-1728249.8226688746,0.9467282904003432,-46051320.0,223.55003926128845
mb_train_0018_s90185,-1061167.711886206,-1085232.0,-99104.67760521162,-0.0933920967394069,-1.0226771770797853,910.8667033641927,948.453024730882,27,-986127.3223947884,1.100498865972538,-45069030.0,223.55003926128845
mb_train_0019_s40020,-61621.08361135935,-598365.6,48622.49992206716,0.789056229986582,-9.710403727624422,1124.0901749727495,1147.5221565806373,27,-646988.0999220671,0.9248479223529398,-53306200.0,223.55003926128845
mb_train_0020_s40021,-5908.4915674049635,-94074.83,109.01915802739677,0.018451267431575345,-15.92197076475106,719.769018522677,723.9487738518288,27,-94183.8491580274,0.9988424856384402,-33596860.0,223.55003926128845
mb_train_0021_s40022,-89862396.98105632,-144980400.0,1751966.6822377741,0.019496104500830332,-1.6133600356839244,2168.834350845512,7813.562991514946,27,-146732366.68223777,0.9880601211453788,-452408600.0,223.55003926128845
mb_train_0022_s40023,-2329917.2009816878,-10469110.0,-35892.311689155176,-0.015404973049699922,-4.493339933105323,685.5089956418985,1085.7752220951402,27,-10433217.688310845,1.0034401958016623,-52709440.0,223.55003926128845
mb_train_0023_s40024,-8455.908117925883,-101813.1,-460.9836625419848,-0.05451616267739883,-12.04046905194771,652.4126982916233,656.7912135401217,27,-101352.11633745802,1.0045483378068507,-30483310.0,223.55003926128845
mb_train_0024_s40025,-150805010.41025597,-117737500.0,1429943.4246098846,0.009482068405551046,-0.7807267124593686,1986.347150216704,6553.382526507277,27,-119167443.42460988,0.9880005529738958,-454879200.0,223.55003926128845
mb_train_0025_s40026,-221766.81524825483,-409463.2,-782.1946421100292,-0.0035271040946067995,-1.846368220338242,1224.4371655329933,1240.017509509435,27,-408681.00535789,1.0019139490993105,-57758090.0,223.55003926128845
mb_train_0026_s40027,-106111313.77409324,-153050900.0,1906519.2991050482,0.017967163267471664,-1.4423617478324626,2783.895861026059,8764.336975230788,27,-154957419.29910505,0.9876964955422689,-512773000.0,223.55003926128845
mb_train_0027_s40028,-4902666.371947694,-17676510.0,5015.794033873826,0.0010230747216603258,-3.6054890663460775,940.1195726404547,1622.0094188713317,27,-17681525.794033874,0.999716325723679,-80163260.0,223.55003926128845
mb_train_0028_s40029,-4462230.332941558,-11398240.0,-617025.5433133654,-0.1382773853600279,-2.5543818112334282,979.8090728866493,1382.5669039624215,27,-10781214.456686635,1.0572315434214072,-68612780.0,223.55003926128845
mb_train_0029_s40030,-13688.625263534126,-107174.4,-603.2727703064593,-0.04407109981405879,-7.829449483543662,647.462368169666,651.8952277680993,27,-106571.12722969353,1.0056607524569598,-30261370.0,223.55003926128845
mb_train_0030_s40031,-857328187.2167825,-788505300.0,-36912.189114928246,-4.305491136919157e-05,-0.9197239887327069,5734.201033251501,36485.22099576609,27,-788468387.8108851,1.0000468150526838,-2550227000.0,223.55003926128845
mb_train_0031_s40032,-42547561.1479907,-74474480.0,-499443.6674774736,-0.011738479339398275,-1.7503818783163565,1997.687498645071,4827.508616360342,27,-73975036.33252253,1.0067515163525225,-266542100.0,223.55003926128845
mb_train_0032_s40033,-240725294.74007478,-262622700.0,1630285.4434693158,0.006772389437635254,-1.0909642889151683,2549.1555498753505,12772.019467940088,27,-264252985.44346932,0.9938305883631423,-833341800.0,223.55003926128845
mb_train_0033_s40034,-4604482.005099412,-17038310.0,-241830.83970603347,-0.05252074814022696,-3.700374978364616,1398.2374777704279,2038.027192224402,27,-16796479.160293967,1.0143977102223727,-99168130.0,223.55003926128845
mb_train_0034_s40035,-154459609.6497271,-177396900.0,1488574.2629432082,0.009637304317412783,-1.148500248073192,2218.5794750616215,9116.763403469966,27,-178885474.2629432,0.9916786185738303,-577473800.0,223.55003926128845
mb_train_0035_s40036,-2251445.4753035656,-7722815.0,-417357.7800823916,-0.18537325671905008,-3.4301585735531623,996.3627091623882,1274.957506956191,27,-7305457.219917608,1.057129590594892,-61408980.0,223.55003926128845
mb_train_0036_s40037,-11980236.990902314,-22197300.0,586818.6490545161,0.04898222376570188,-1.852826452169221,1580.0994295448202,2447.3309276708487,27,-22784118.649054516,0.9742443998781201,-125535400.0,223.55003926128845
mb_train_0036_s90362,-23334189.343895942,-36120280.0,163360.06426694244,0.007000888775665836,-1.5479552114566522,1610.914477491249,2992.853450354584,27,-36283640.06426694,0.9954976936168038,-162201400.0,223.55003926128845
mb_train_0036_s90363,-17146714.27639041,-30212280.0,53117.27584275603,0.0030978107517598327,-1.7619865539836852,1623.2451438840612,2784.578944695122,27,-30265397.275842756,0.9982449503187208,-146350100.0,223.55003926128845
mb_train_0036_s90364,-12646991.823562754,-21199760.0,1986522.3835315295,0.15707469501406784,-1.6762689733460954,1556.7948530486342,2429.2352231238124,27,-23186282.38353153,0.9143233766124365,-125362600.0,223.55003926128845
mb_train_0036_s90365,-22451150.114057317,-25998540.0,280780.1516847387,0.012506270291646845,-1.158004817923406,1534.7495017120793,2533.720837823003,27,-26279320.15168474,0.9893155473557128,-140014800.0,223.55003926128845
mb_train_0037_s40038,-5405443.204860642,-7801968.0,-111008.41347908415,-0.020536412884564953,-1.4433539867710337,788.9738418747083,1083.9675556910424,27,-7690959.586520916,1.014433623298923,-55701110.0,223.55003926128845
mb_train_0038_s40039,-358242470.19026935,-315186100.0,489944.993763268,0.001367635148068985,-0.8798122116358753,3270.652744615607,15511.889912952358,27,-315676044.99376327,0.9984479500375997,-1077988000.0,223.55003926128845
mb_train_0039_s40040,-859430131.2922016,-863581700.0,-1816060.0776098967,-0.0021130979837527316,-1.0048306064177157,5828.610508594195,39352.198196990794,27,-861765639.9223901,1.0021073711847845,-2685356000.0,223.55003926128845
mb_train_0040_s40041,-214683.88515433212,-2125297.0,-199012.1825166894,-0.9270010293209636,-9.899657808373297,853.3288503509918,923.5485725804606,27,-1926284.8174833106,1.1033139963054366,-43066970.0,223.55003926128845
mb_train_0041_s40042,-11293848.806307044,-8485184.0,-543525.3787233979,-0.0481257884752155,-0.7513102172274038,1416.233510715964,1721.6076320055374,27,-7941658.621276602,1.0684397812400588,-91175770.0,223.55003926128845
mb_train_0042_s40043,-14512456.610794121,-43396790.0,1079152.6802355275,0.07436044145915804,-2.9903131608829203,1400.2449469817561,3101.4030456430905,27,-44475942.68023553,0.9757362606568183,-158416300.0,223.55003926128845
mb_train_0043_s40044,-299165.9686783171,-5772281.0,-148859.196249553,-0.4975806469806604,-19.294577606875922,1199.22872976674,1411.8451208456484,27,-5623421.803750447,1.0264712841121528,-65808220.0,223.55003926128845
mb_train_0044_s40045,-6945.529831874475,-431.3001,-1.2945030328266398,-0.0001863793064261127,-0.06209750882080651,630.2343122436,630.2512462131598,27,-430.00559696717335,1.0030104329849583,-29250360.0,223.55003926128845
mb_train_0045_s40046,-275255916.1873074,-250109800.0,1281767.9072533846,0.004656640718236775,-0.9086445932366596,2968.671841251302,12696.15251551209,27,-251391567.90725338,0.9949013090696571,-864352200.0,223.55003926128845
mb_train_0046_s40047,-614260.8058048115,-664415.0,141128.09573743923,0.22975272783770012,-1.0816496734306136,783.3872596356566,814.3967184374196,27,-805543.0957374392,0.8248037920202858,-38401950.0,223.55003926128845
mb_train_0047_s40048,-155047401.72515482,-217516400.0,-2446957.694776356,-0.015781997424980796,-1.4029025806287359,2651.9942998136585,10941.500179172548,27,-215069442.30522364,1.0113775237827773,-662728600.0,223.55003926128845
mb_train_0048_s40049,-389509.9255029693,-4624254.0,-214316.3648593966,-0.5502205485075959,-11.87197988351326,1096.1155240734324,1264.6963060062426,27,-4409937.635140603,1.0485985024258884,-59070940.0,223.55003926128845
mb_train_0049_s40050,-152550.35879612077,-4172786.0,124016.3366367286,0.8129534247931395,-27.35349843114306,883.6736974286218,1048.7401170921344,27,-4296802.336636729,0.9711375281149653,-48813690.0,223.55003926128845
mb_train_0050_s40051,-554159.1340032531,-1655222.0,-68274.87203826499,-0.12320445130092217,-2.9869073672803226,1067.4095824383994,1126.5929970272587,27,-1586947.127961735,1.0430227767738909,-52827630.0,223.55003926128845
mb_train_0051_s40052,-57645.2760109637,-368688.0,-1810.849701346946,-0.03141367041078155,-6.395805962137787,791.7594701834125,806.8363236080091,27,-366877.15029865305,1.0049358475987749,-37494530.0,223.55003926128845
mb_train_0052_s40053,-56969326.75165917,-26348390.0,-675973.3275748082,-0.011865566369100916,-0.4625013406750964,821.0558085157963,1810.7346304122032,27,-25672416.67242519,1.0263307243801816,-140986700.0,223.55003926128845
mb_train_0053_s40054,-14071.223307210701,-4400739.0,18385.689054804854,1.306616251721571,-312.74743523861724,680.5703268258928,851.3726562259276,27,-4419124.689054805,0.995839517925271,-39517430.0,223.55003926128845
mb_train_0054_s40055,-820007617.024987,-775187700.0,7902626.814894199,0.009637260253222006,-0.9453420723241632,5949.995897008255,36412.74458746296,27,-783090326.8148942,0.9899084096121619,-2509544000.0,223.55003926128845
mb_train_0055_s40056,-19672.285854269125,-500853.3,-4187.672005689063,-0.2128716528781167,-25.459842527212402,624.5734069278583,644.7132422954444,27,-496665.6279943109,1.0084315720067043,-29934110.0,223.55003926128845
mb_train_0055_s90552,-164570.88118890853,-377377.5,-4613.828008212382,-0.028035506493498296,-2.293100075017608,658.4256851498329,673.3654699474642,27,-372763.6719917876,1.0123773542189862,-31408460.0,223.55003926128845
mb_train_0055_s90553,-24575.873321759616,-506234.0,-7093.212685974198,-0.2886250508010972,-20.598820370374288,639.212304262267,657.6439564578372,27,-499140.7873140258,1.0142108456496697,-30539000.0,223.55003926128845
mb_train_0055_s90554,-69628.26150797981,-368155.5,-32283.612106452347,-0.46365673086283293,-5.287443518287573,644.3657905636246,658.31721141,27,-335871.88789354765,1.0961188276545621,-30615290.0,223.55003926128845
mb_train_0055_s90555,-115928.46855656049,-522269.0,-16061.90715670993,-0.13855015387245856,-4.505097035291116,670.1302398681916,689.2612980605468,27,-506207.09284329007,1.0317299132781657,-32097380.0,223.55003926128845
mb_train_0056_s40057,-308141189.033821,-404553100.0,3039265.5536372066,0.00986322394343595,-1.3128822578652315,3108.041774264193,18960.13903731924,27,-407592365.5536372,0.9925433697721278,-1187884000.0,223.55003926128845
mb_train_0057_s40058,-66583245.120700106,-92216930.0,699601.7030106634,0.01050717341491011,-1.384987016370739,1915.9442029965285,5473.76867537582,27,-92916531.70301066,0.9924706433808055,-320564000.0,223.55003926128845
mb_train_0058_s40059,-19266.33285457157,-188997.2,-683.3812810987874,-0.03547023121925524,-9.809713214580647,555.6747613346553,562.2272692320333,27,-188313.81871890122,1.0036289491963353,-26106390.0,223.55003926128845
mb_train_0059_s40060,-613986685.4578351,-721422100.0,1810766.1412632465,0.002949194476282498,-1.1749800396112058,6207.921526304817,34281.71823344406,27,-723232866.1412632,0.9974962889187761,-2204645000.0,223.55003926128845
mb_train_0060_s40061,-2794499.3077139924,-2628843.0,106139.94269891968,0.03798173877013633,-0.9407205765781687,872.2744613383674,977.3367669132306,27,-2734982.9426989197,0.9611917350408851,-48142540.0,223.55003926128845
mb_train_0061_s40062,-257875.6795260411,-4410925.0,63965.84234103747,0.248049147009918,-17.104850709873055,1106.3976820101557,1273.6290135551658,27,-4474890.8423410375,0.9857056083389123,-59353770.0,223.55003926128845
mb_train_0062_s40063,-1668216.7387129255,-2440786.0,-127979.17702614563,-0.07671615687352774,-1.4631108436683908,659.3546224442324,748.0214618600603,27,-2312806.8229738544,1.05533500496232,-36376120.0,223.55003926128845
mb_train_0063_s40064,-1674672.7672616257,-7861849.0,-97226.02711776551,-0.05805673145133098,-4.694558336226759,936.3097742071998,1223.1942107861041,27,-7764622.9728822345,1.0125216674985154,-58430420.0,223.55003926128845
mb_train_0064_s40065,-979190.6275689754,-3816808.0,-19309.587320041843,-0.01971994704236653,-3.897921295954336,1038.6074523917778,1179.392765401983,27,-3797498.412679958,1.0050848177462213,-55702560.0,223.55003926128845
mb_train_0065_s40066,-925298611.9210291,-835583000.0,-2293037.6084182262,-0.0024781595680313513,-0.9030414497923336,5610.287837951557,38126.96679138111,27,-833289962.3915818,1.0027517883472845,-2694373000.0,223.55003926128845
mb_train_0066_s40067,-43056.91141484849,-354020.5,-62741.812417474925,-1.4571833035808035,-8.222152689705316,591.4213475863505,602.4337898052725,27,-291278.6875825251,1.2154013152771397,-27995750.0,223.55003926128845
mb_train_0067_s40068,-1823571.3494039357,-6552052.0,200243.50835843477,0.10980843081565614,-3.592978142665844,1024.5087186261248,1278.0309437821497,27,-6752295.508358435,0.9703443802021756,-61123700.0,223.55003926128845
mb_train_0068_s40069,-4766.26222703384,-132199.7,-1500.4836563979334,-0.3148134921925436,-27.736556173970957,549.0705479437693,554.0988916179813,27,-130699.21634360208,1.0114804334591665,-25714740.0,223.55003926128845
mb_train_0069_s40070,-47622.8018978753,-189984.4,41920.383417570556,0.8802586523041358,-3.9893578796017075,933.8403500921072,941.8237292812978,27,-231904.78341757055,0.8192345030585755,-43747870.0,223.55003926128845
mb_train_0070_s40071,-16265838.518732063,-36141350.0,721185.3250646964,0.04433742067672472,-2.221917422724866,1819.9289602418376,3224.9096027294095,27,-36862535.3250647,0.9804358186786375,-165900400.0,223.55003926128845
mb_train_0071_s40072,-3321677.2161956592,-6021802.0,29067.737543541938,0.008750921793910314,-1.8128799422891586,972.5647444167557,1199.9783285973806,27,-6050869.737543542,0.9951961058815749,-59000200.0,223.55003926128845
mb_train_0072_s40073,-316294908.070909,-344904800.0,3677973.5831312537,0.011628304753823928,-1.0904532169157684,3576.721360589275,17094.593963460313,27,-348582773.58313125,0.9894487798541367,-1109477000.0,223.55003926128845
mb_train_0073_s40074,-242086403.2014929,-277610000.0,-894594.4429860711,-0.003695351870883405,-1.1467393307873641,2745.4044393621316,13471.985667612564,27,-276715405.5570139,1.0032329043667998,-867181200.0,223.55003926128845
mb_train_0073_s90732,-299857817.93607265,-306438100.0,-229382.68067771196,-0.0007649714863416186,-1.021944674009901,2753.5963119453954,14654.304300270349,27,-306208717.3193223,1.0007491056514846,-979811500.0,223.55003926128845
mb_train_0073_s90733,-224517462.62452918,-292180300.0,-1987072.6340161562,-0.008850414621597736,-1.301370043044832,2590.631446658479,13836.264990527052,27,-290193227.36598384,1.0068474121606916,-866514700.0,223.55003926128845
mb_train_0073_s90734,-279163111.0922944,-363815300.0,-1880085.5461999178,-0.006734720568357403,-1.3032355835858223,3023.7733378082885,17079.662083869916,27,-361935214.4538001,1.0051945361244752,-1071653000.0,223.55003926128845
mb_train_0073_s90735,-250074060.81319943,-305726700.0,-9481409.93843472,-0.03791440786622469,-1.2225446294022955,2646.9786552261266,14140.412624666167,27,-296245290.0615653,1.0320052681224545,-906183600.0,223.55003926128845
mb_train_0074_s40075,-99007635.46150507,-85641520.0,-246388.7127083838,-0.002488582941708386,-0.8649991447709917,1567.2007293474767,4858.852696903816,27,-85395131.28729162,1.0028852782236433,-324456500.0,223.55003926128845
mb_train_0075_s40076,-10717.88767089996,-690.9997,-446.9902648860849,-0.041705070869487104,-0.06447163109164944,659.1070361363309,659.1166955818662,27,-244.00943511391506,2.8318564799652477,-30593480.0,223.55003926128845
mb_train_0076_s40077,-27737.8971591173,-445407.6,-22847.039508396352,-0.8236759757718927,-16.057727716161672,902.0671554997748,918.0370997765925,27,-422560.5604916036,1.0540680831211893,-42624310.0,223.55003926128845
mb_train_0077_s40078,-159971686.60919446,-168832800.0,286383.9129251838,0.0017902162501093723,-1.0553917607460934,2267.2973444059744,8811.41994984472,27,-169119183.91292518,0.9983066148600112,-568818100.0,223.55003926128845
mb_train_0078_s40079,-184215202.29267326,-243388900.0,-1015721.9842399359,-0.005513779381932877,-1.3212204908762855,2778.369640977321,12141.9562326344,27,-242373178.01576006,1.0041907359244755,-747597200.0,223.55003926128845
mb_train_0079_s40080,-266864036.10998738,-339164700.0,95843.8842856884,0.0003591487473650686,-1.2709269669451229,3213.866416876751,16388.69331687626,27,-339260543.8842857,0.9997174918038262,-1027293000.0,223.55003926128845
mb_train_0080_s40081,-450973.8418316251,-4251282.0,-199300.50091678416,-0.4419336166091751,-9.426892661298195,972.0077865337391,1118.1458759798943,27,-4051981.499083216,1.049185935563101,-52332510.0,223.55003926128845
mb_train_0081_s40082,-65767047.432463765,-90035330.0,93729.54009857774,0.0014251748217042688,-1.3690036806420016,1585.8162016520741,5041.177674026568,27,-90129059.54009858,0.998960051945767,-299675700.0,223.55003926128845
mb_train_0082_s40083,-18800294.81223935,-29918790.0,-264119.59950260073,-0.014048694562526427,-1.591400044456872,1668.2851562372914,2803.244079644057,27,-29654670.4004974,1.0089065093604335,-148869700.0,223.55003926128845
mb_train_0083_s40084,-549477.4356664635,-2782407.0,-39807.71810972551,-0.07244650194132642,-5.063732956795954,1206.466443984339,1308.6305802599704,27,-2742599.2818902745,1.0145145951042067,-61269410.0,223.55003926128845
mb_train_0084_s40085,-341655.9528788201,-3041433.0,-314334.611089549,-0.9200325896298328,-8.902034266848403,644.1928594815063,744.7702836897577,27,-2727098.388910451,1.115263392170876,-34898700.0,223.55003926128845
mb_train_0085_s40086,-65692277.655452035,-114253900.0,1282993.0708973408,0.019530348416696444,-1.7392287811856324,2413.8609227407715,6859.312926980316,27,-115536893.07089734,0.9888953819269655,-383961700.0,223.55003926128845
mb_train_0086_s40087,-5324017.151157121,-10056990.0,53429.4058557041,0.010035543526393742,-1.8889852745523585,865.557968951896,1246.9198075017616,27,-10110419.405855704,0.9947154115263745,-63180600.0,223.55003926128845
mb_train_0087_s40088,-469099204.46527815,-557117400.0,-2387351.3635230064,-0.0050892249247029234,-1.187632370076289,4737.9106237909655,26262.126780671177,27,-554730048.636477,1.0043036272676973,-1687652000.0,223.55003926128845
mb_train_0088_s40089,-1336752.7295608895,-9403672.0,-181289.00831884518,-0.13561895503171845,-7.034713146304191,900.7390985861298,1246.4549687758572,27,-9222382.991681155,1.019657501589597,-59171760.0,223.55003926128845
mb_train_0089_s40090,-54525595.86161409,-53245270.0,263823.8069035411,0.004838531385757354,-0.9765188102691521,1488.2638327340396,3555.110145000933,27,-53509093.80690354,0.9950695519558677,-219481300.0,223.55003926128845
mb_train_0090_s40091,-383457.17095495295,-4540271.0,-183304.61199707538,-0.47803151402952715,-11.840360133813675,1044.8642336676608,1212.36927597462,27,-4356966.388002925,1.042071614897423,-56636920.0,223.55003926128845
mb_train_0091_s40092,-294217.0007365296,-868133.9,67886.92842860147,0.23073761291378947,-2.950658520162848,716.8451353962855,754.8691346864904,27,-936020.8284286015,0.9274728442287224,-35319850.0,223.55003926128845
mb_train_0091_s90912,-329499.1923731629,-1196650.0,-87836.83980593737,-0.2665767984841092,-3.631723620872416,736.6615652846929,775.45615723621,27,-1108813.1601940626,1.0792169889024084,-36310370.0,223.55003926128845
mb_train_0091_s90913,-9586.641982467248,-410.9722,312.1595173707107,0.03256192501416146,-0.04286925502711127,746.4507413584724,746.479375118102,27,-723.1317173707107,0.5683227413869839,-34645940.0,223.55003926128845
mb_train_0091_s90914,-113076.65648677599,-753219.3,-40392.68722587149,-0.35721508294327137,-6.6611387655248455,742.1165038914044,767.3759577367015,27,-712826.6127741286,1.0566655151505555,-35719030.0,223.55003926128845
mb_train_0091_s90915,-68342.52725240221,-877163.1,-71225.05738067743,-1.0421776929265356,-12.83480630970035,761.9843561045905,792.1911412030391,27,-805938.0426193225,1.088375350975112,-36825700.0,223.55003926128845
mb_train_0092_s40093,-358468548.0034863,-332442400.0,4102207.606762111,0.011443703023904388,-0.9273962858151975,3271.4988758914064,16325.336238416194,27,-336544607.6067621,0.9878108057177509,-1115957000.0,223.55003926128845
mb_train_0093_s40094,-210077876.22275344,-273281500.0,2838305.3716944456,0.01351072955766596,-1.300858067082844,3315.3800946141496,13970.116132245663,27,-276119805.37169445,0.9897207468769808,-858285300.0,223.55003926128845
mb_train_0094_s40095,-592432375.462424,-603046100.0,691312.562972188,0.0011669054420474284,-1.0179155039075833,4864.055852614814,28281.970764629892,27,-603737412.5629722,0.9988549449668235,-1904703000.0,223.55003926128845
mb_train_0095_s40096,-110592.65438492363,-1447702.0,-1385.646083088126,-0.012529277742672772,-13.090399249856107,662.3424723140915,716.2667416429198,27,-1446316.3539169119,1.0009580518669623,-33345090.0,223.55003926128845
mb_train_0096_s40097,-5902823.414596061,-14715190.0,-356351.22294312157,-0.06036962279135148,-2.4929070321862206,1015.2183621680695,1567.6941409818066,27,-14358838.777056878,1.0248175516471787,-78643220.0,223.55003926128845
mb_train_0097_s40098,-5193396.172374034,-9827943.0,-407276.2367657777,-0.07842194649664119,-1.8923923139696457,1254.4163718623322,1618.0471483210329,27,-9420666.763234222,1.0432322092482078,-80270140.0,223.55003926128845
mb_train_0098_s40099,-395017.3681140689,-3963043.0,-8654.959858383983,-0.02191032738561687,-10.032579121573194,647.4395195671051,791.4065586844706,27,-3954388.040141616,1.0021886976620722,-37115980.0,223.55003926128845
mb_train_0099_s40100,-2467822.799530478,-2203255.0,117342.67601211276,0.04754906877205206,-0.8927930321493042,781.6715754539379,873.1661914584018,27,-2320597.6760121128,0.9494342870265374,-42982400.0,223.55003926128845
mb_train_0100_s40101,-32846.96638171951,-740546.7,-65280.223946093465,-1.987404961160255,-22.54536054849011,1004.4423655892581,1030.6848768045559,27,-675266.4760539065,1.0966732782701953,-47856230.0,223.55003926128845
mb_train_0101_s40102,-109928.79991688309,-617165.2,-28800.58146831731,-0.2619930490471411,-5.614226667321367,715.4705806104263,740.2155913191802,27,-588364.6185316826,1.0489502267151818,-34455640.0,223.55003926128845
mb_train_0102_s40103,-4795765.93414803,-18865540.0,-387166.21262208745,-0.08073084006566882,-3.9337908186195643,1583.3823921544104,2281.866630473406,27,-18478373.787377913,1.0209523964109088,-110673400.0,223.55003926128845
mb_train_0103_s40104,-27796547.382900957,-39907780.0,360202.57454603165,0.012958536525569008,-1.4357099624735865,1927.4805281467436,3456.949641050264,27,-40267982.57454603,0.9910548641497198,-188197600.0,223.55003926128845
mb_train_0104_s40105,-207420755.14415315,-250491400.0,-2871433.107975185,-0.013843518725884485,-1.2076486744343093,2600.7473304333253,12193.463109343806,27,-247619966.89202482,1.01159612911679,-773192700.0,223.55003926128845
mb_train_0105_s40106,-60949.60960384728,-599482.8,47129.10581410804,0.773247049824141,-9.83571189210963,770.908155375393,794.5830007328095,27,-646611.9058141081,0.9271137673303884,-36929290.0,223.55003926128845
mb_train_0106_s40107,-198554836.07858425,-213981100.0,-5288363.01753512,-0.026634269514554085,-1.077692713136991,2371.6972908115686,10445.136307486931,27,-208692736.98246488,1.025340426763292,-683204700.0,223.55003926128845
mb_train_0107_s40108,-6144326.906079283,-22222610.0,50479.56533951685,0.008215637955326182,-3.616768824264972,1632.943964656029,2477.9928878388155,27,-22273089.565339517,0.9977336074013696,-121122200.0,223.55003926128845
mb_train_0108_s40109,-925142572.471168,-851771800.0,-4805644.0049676895,-0.0051944901769369785,-0.9206924698371779,6360.517396924075,39357.60213539572,27,-846966155.9950323,1.0056739504535714,-2751318000.0,223.55003926128845
mb_train_0109_s40110,-102981.06850240409,-482041.1,-54482.87254187325,-0.529057168799927,-4.680871028141903,883.5455607538092,898.4946866708417,27,-427558.2274581267,1.1274279596156505,-41792780.0,223.55003926128845
mb_train_0110_s40111,-19932611.379345447,-44319130.0,1182373.8828597963,0.05931856395319054,-2.223448255551921,2216.0161470974253,3955.1443024438436,27,-45501503.8828598,0.9740146196946868,-203449800.0,223.55003926128845
mb_train_0110_s91102,-62122135.581104256,-70112010.0,1021595.675213933,0.016444954212499297,-1.128615578716937,2259.5061998613437,4989.155350143419,27,-71133605.67521393,0.9856383538340739,-293617000.0,223.55003926128845
mb_train_0110_s91103,-27473394.08581834,-69865730.0,-182538.70087458193,-0.006644199122408677,-2.5430323527468497,2256.7596275401747,4926.313985996208,27,-69683191.29912542,1.0026195513935492,-256052500.0,223.55003926128845
mb_train_0110_s91104,-48067101.204703175,-58892080.0,460515.7038580999,0.009580683925517029,-1.2252055673005229,2227.9514791026195,4499.614852594763,27,-59352595.7038581,0.9922410183009374,-256847400.0,223.55003926128845
mb_train_0110_s91105,-51670989.64251409,-59674160.0,718790.8694075122,0.013910917409952263,-1.1548871119530684,2256.9365894913153,4573.447340171885,27,-60392950.86940751,0.9880980998765599,-263877200.0,223.55003926128845
mb_train_0111_s40112,-617025.7464657929,-536906.4,-4455.484324872261,-0.007220905043902033,-0.870152344655468,623.556064759288,644.0080915054402,27,-532450.9156751278,1.0083678780404066,-30498750.0,223.55003926128845
mb_train_0112_s40113,-122637238.58112177,-165824100.0,1019388.2517337203,0.008312224439556488,-1.3521512871501187,2470.159250798167,8885.529980595013,27,-166843488.25173372,0.993890152607001,-534922300.0,223.55003926128845
mb_train_0113_s40114,-149542847.6917658,-217618100.0,301094.0418115854,0.002013429906271368,-1.4552223884926234,2439.071511212348,10883.158015316832,27,-217919194.0418116,0.9986183225248446,-654516700.0,223.55003926128845
mb_train_0114_s40115,-181079.63764273474,-447059.9,-28319.96754695743,-0.156395097293225,-2.468857933557594,970.78538075257,988.4066541696941,27,-418739.9324530426,1.0676313992340178,-46042760.0,223.55003926128845
mb_train_0115_s40116,-504766440.53975517,-550054800.0,7628887.591322541,0.015113698096024064,-1.0897214153377892,4643.406562583841,26308.16205054999,27,-557683687.5913225,0.986320403911629,-1725455000.0,223.55003926128845
mb_train_0116_s40117,-853823.5757207335,-2217398.0,22528.388968721032,0.02638529739554716,-2.597021285255844,672.8238679577755,756.4250693184867,27,-2239926.388968721,0.9899423529810311,-35951660.0,223.55003926128845
mb_train_0117_s40118,-218240.32211849297,-2135064.0,-57335.576349954354,-0.262717612370569,-9.783086733352478,1051.2591160785644,1130.50331919283,27,-2077728.4236500456,1.0275953178949297,-52673160.0,223.55003926128845
mb_train_0118_s40119,-247923.8857300784,-623293.3,-77575.1102836805,-0.3128988965917494,-2.514051028865354,753.6174779449573,774.7966512772379,27,-545718.1897163196,1.1421523265039164,-36198190.0,223.55003926128845
mb_train_0119_s40120,-8444.99468938372,-112620.2,1449.0566525824834,0.17158763337105537,-13.33573366737292,756.3585581501262,760.9862541132903,27,-114069.25665258248,0.9872966941741732,-35317910.0,223.55003926128845
mb_train_0120_s40121,-1878340.701562072,-4295477.0,168300.63505206257,0.08960069646156303,-2.2868465749732096,712.8478117772183,877.4897810049896,27,-4463777.635052063,0.9622963667073215,-42593520.0,223.55003926128845
mb_train_0121_s40122,-535340261.8546212,-539207700.0,774052.4480885267,0.0014459074036518686,-1.0072242616910234,4323.45643125597,25301.388021197916,27,-539981752.4480885,0.9985665211007979,-1709315000.0,223.55003926128845
mb_train_0122_s40123,-44798566.78078665,-66369170.0,200442.40187656134,0.004474303895867662,-1.481502082974329,1832.437803544626,4374.531283287662,27,-66569612.40187656,0.9969889804875759,-247775100.0,223.55003926128845
mb_train_0123_s40124,-647275.808506787,-1606235.0,308475.2557300746,0.476574671378036,-2.481531024163338,584.3583487436746,658.0577075932886,27,-1914710.2557300746,0.8388919394948069,-31180900.0,223.55003926128845
mb_train_0124_s40125,-34722509.07402609,-41787850.0,1026205.1907727569,0.029554465335006618,-1.203480137651086,1342.325180592693,2971.535628407137,27,-42814055.19077276,0.9760311144038997,-172600600.0,223.55003926128845
mb_train_0125_s40126,-4410960.115384682,-15415170.0,-75061.16483896598,-0.017016967479974564,-3.4947425496400424,1129.0435030429317,1703.826835443914,27,-15340108.835161034,1.0048931311795466,-83467880.0,223.55003926128845
mb_train_0126_s40127,-749123.0173085497,-2113234.0,68501.45817661518,0.09144220187323482,-2.82094389195573,878.5415594922534,957.5255406059282,27,-2181735.458176615,0.9686023078921469,-45177930.0,223.55003926128845
mb_train_0127_s40128,-250015085.0802333,-248389700.0,1300904.915256679,0.005203305691891354,-0.9934988519604259,2965.4824235731485,12623.143136295164,27,-249690604.91525668,0.9947899324618233,-835723900.0,223.55003926128845
mb_train_0128_s40129,-25868.338553379697,-426396.1,-117863.08650609793,-4.5562681291991645,-16.483319913264832,1174.8033134554216,1185.451953386872,27,-308533.01349390205,1.382011264115266,-55030380.0,223.55003926128845
mb_train_0128_s91282,-520420.80637276184,-1127927.0,-10172.341738819145,-0.019546377881619517,-2.1673364826849366,1136.0457486563605,1178.240241712086,27,-1117754.6582611809,1.0091006927715636,-55190310.0,223.55003926128845
mb_train_0128_s91283,-251731.58063815095,-768293.1,-23157.545420623268,-0.09199300843349827,-3.0520330347600497,1166.1882406769096,1194.4705679354083,27,-745135.5545793767,1.0310782988119465,-55674700.0,223.55003926128845
mb_train_0128_s91284,-181390.2009067743,-1190452.0,-139572.78236370534,-0.7694615346693339,-6.562934458691262,1168.994412655503,1207.840138939221,27,-1050879.2176362947,1.1328152465300831,-56224700.0,223.55003926128845
mb_train_0128_s91285,-227924.5091523577,-418029.4,-5432.086249972112,-0.023832830748100883,-1.834069541510191,1166.0915289151965,1180.3410228398466,27,-412597.3137500279,1.0131655880175292,-54995290.0,223.55003926128845
mb_train_0129_s40130,-147917457.25076175,-124545600.0,397401.8407301158,0.0026866459721276016,-0.8419939222512467,2397.8347352531764,7222.584340667792,27,-124943001.84073012,0.9968193349377287,-483042500.0,223.55003926128845
mb_train_0130_s40131,-420138.2495529754,-2172369.0,-366339.23857639753,-0.8719492666192148,-5.170605157496104,967.4847211011157,1030.634586892325,27,-1806029.7614236025,1.2028423043746692,-48241200.0,223.55003926128845
mb_train_0131_s40132,-57035398.19576563,-125612900.0,119758.24681468308,0.002099717905074152,-2.2023673713796503,2307.218698265424,7138.090355710872,27,-125732658.24681468,0.9990475167829539,-388239900.0,223.55003926128845
mb_train_0132_s40133,-840874535.326763,-826934900.0,-1435536.1500142813,-0.0017071942242327903,-0.9834224551450519,6121.287332922676,38268.14236292253,27,-825499363.8499857,1.0017389912250436,-2616501000.0,223.55003926128845
mb_train_0133_s40134,-231634.5598614108,-506276.1,1092.33124203427,0.004715752445092055,-2.185667373223192,625.4108264737381,643.7687930626684,27,-507368.43124203425,0.9978470650226301,-30102260.0,223.55003926128845
mb_train_0134_s40135,-721644134.5546396,-657693400.0,943769.1089404821,0.001307804032139645,-0.9113818965713529,5068.007100830863,30685.540549280468,27,-658637169.1089405,0.9985670879913788,-2145440000.0,223.55003926128845
mb_train_0135_s40136,-1754085.4026461733,-3968766.0,201308.22888405528,0.11476535212046476,-2.262584247045674,1028.832921014226,1182.750456702305,27,-4170074.2288840553,0.95172550467095,-56633250.0,223.55003926128845
mb_train_0136_s40137,-1146624.7874365877,-4841814.0,-282921.3381333295,-0.24674273679869846,-4.22266643199336,714.1348302282495,890.7401651858778,27,-4558892.6618666705,1.0620592233942805,-42476620.0,223.55003926128845
mb_train_0137_s40138,-81834.92341281995,-412440.7,22797.007643881836,0.2785730919412157,-5.039910624947058,506.9168333307924,522.4377892034389,27,-435237.70764388185,0.947621708221718,-24322750.0,223.55003926128845
mb_train_0138_s40139,-237656.65631850227,-1046360.0,-24707.00494694372,-0.1039609213126012,-4.402822189830404,1229.4607941497525,1269.3748224884664,27,-1021652.9950530563,1.0241833627137369,-59136160.0,223.55003926128845
mb_train_0139_s40140,-292414216.313586,-260715000.0,1044983.4026874006,0.0035736408983849024,-0.8915948180864379,3169.3549692409483,13262.90405137406,27,-261759983.4026874,0.9960078565520085,-907807800.0,223.55003926128845
mb_train_0140_s40141,-391812878.1511312,-391804800.0,532943.3199883699,0.001360198578727679,-0.9999793826298683,3882.1191100648875,19097.72727020747,27,-392337743.31998837,0.9986416210801475,-1277939000.0,223.55003926128845
mb_train_0141_s40142,-25567.509245150337,-154937.1,395.741545149358,0.015478298701482724,-6.05992154004554,808.9194991719464,814.2831420225618,27,-155332.84154514936,0.9974522995831868,-37807990.0,223.55003926128845
mb_train_0142_s40143,-374772.10478163674,-2469758.0,-87956.40228136396,-0.23469303387084345,-6.590026227909944,1135.606425123627,1223.7742032665274,27,-2381801.597718636,1.0369285176253182,-57157420.0,223.55003926128845
mb_train_0143_s40144,-17183948.261371054,-31295340.0,-164619.80169942975,-0.009579859017004236,-1.8211961258258027,1637.0539288808714,2834.782599175992,27,-31130720.19830057,1.0052880177731454,-148716700.0,223.55003926128845
mb_train_0144_s40145,-265314875.0902182,-319815500.0,1808464.0600964427,0.006816293505901201,-1.205418655441951,3678.764465893916,16138.037160560447,27,-321623964.06009644,0.9943770854719068,-1014113000.0,223.55003926128845
mb_train_0145_s40146,-832838.3927869975,-3307033.0,-99991.22124496847,-0.12006077302747703,-3.970797970700409,1111.99811880153,1229.9478851549964,27,-3207041.7787550315,1.0311786462862311,-57901940.0,223.55003926128845
mb_train_0146_s40147,-785512659.1602637,-699388100.0,1265995.2901620865,0.001611680315267577,-0.8903587890584305,5059.566649981636,32365.999775549444,27,-700654095.2901621,0.9981931236844654,-2287281000.0,223.55003926128845
mb_train_0146_s91462,-589934451.3129783,-622613700.0,3570712.808377385,0.006052728062296217,-1.0553947114197004,4712.168009308272,29040.0925141001,27,-626184412.8083774,0.9942976657749063,-1937382000.0,223.55003926128845
mb_train_0146_s91463,-683091553.9502095,-703021700.0,2137840.165992737,0.003129653929447595,-1.029176390682241,5047.413197580731,32522.317199824945,27,-705159540.1659927,0.9969682886719656,-2192113000.0,223.55003926128845
mb_train_0146_s91464,-756573489.6868585,-664363600.0,2083524.3923552036,0.0027538955841785607,-0.878121701402697,4975.379353700425,30909.218094268363,27,-666447124.3923552,0.9968736838736383,-2190747000.0,223.55003926128845
mb_train_0146_s91465,-508803767.1098601,0.0,0.0,0.0,0.0,27216.418369450952,27216.418369450952,0,0.0,nan,-1771634000.0,223.55003926128845
