run_id,n_systems,binary_system_fraction,half_mass_radius_pc,mcluster_S,imf_alpha_low,imf_alpha_high,seed,stages_done,status,n_threads,petar_seconds,n_physic_lines,err_last_rel,err_cum,total_initial,err_cum_over_e0,err_cum_first_interval_frac,modify_cum,err_pp_cum,angular_momentum_error_relative
mb_train_0000_s40001,1513,0.8722,4.1641,0.2569,0.9508,1.2120,40001,5,complete,8,641.953221158,28,0.0007872993,-722888300.0,-2191610000.0,-0.3298434940523177,0.6106666825289606,2678668000.0,-0.5106734,4.911707767721855
mb_train_0000_s90002,1513,0.8722,4.1641,0.2569,0.9508,1.2120,90002,5,energy_check_failed,8,1932.066693508,28,0.003171864,-687805500.0,-2156407000.0,-0.31895903695359923,0.5988089656160063,2614489000.0,70.89523,4.6576726150055325
mb_train_0000_s90003,1513,0.8722,4.1641,0.2569,0.9508,1.2120,90003,5,complete,8,1075.1012816009998,28,0.0008189788,-676925900.0,-2198807000.0,-0.30786053528117746,0.6086267344771414,2655648000.0,-118.7452,4.731202672424261
mb_train_0000_s90004,1513,0.8722,4.1641,0.2569,0.9508,1.2120,90004,5,energy_check_failed,8,1053.2229063019995,28,0.003094554,-648227200.0,-1918487000.0,-0.33788459343222027,0.600441326744697,2348829000.0,290.9071,4.610698661531087
mb_train_0000_s90005,1513,0.8722,4.1641,0.2569,0.9508,1.2120,90005,5,energy_check_failed,8,1071.2010853450001,28,0.00321123,-710589400.0,-2257353000.0,-0.31478878137358224,0.6331669174913107,2732961000.0,-32827.94,4.687066541335566
mb_train_0001_s40002,1661,0.4673,3.6217,0.1804,1.0842,2.4238,40002,5,energy_check_failed,8,1034.6127611069996,28,0.00172679,-3235775.0,-56449640.0,-0.05732144615979836,0.0028430008266953047,9530214.0,0.7641976,0.10936694571270053
mb_train_0002_s40003,1202,0.8976,4.4698,0.3988,1.9250,3.2441,40003,5,complete,8,1085.6678249259994,28,3.141613e-05,-146998.2,-25682880.0,-0.005723587074346803,4.555587075215887e-05,540151.9,353.0668,0.019603831314687688
mb_train_0003_s40004,1424,0.9072,3.5655,0.3424,1.3973,1.4141,40004,5,energy_check_failed,8,584.8409921720004,28,0.005916373,-269045600.0,-895472600.0,-0.30045095740506184,0.5698807191048655,1045278000.0,-25.02352,3.4127867416969764
mb_train_0004_s40005,1235,0.7892,3.8433,0.3077,1.7302,3.4201,40005,5,complete,8,276.66306536499906,28,1.803327e-05,-204374.3,-26095210.0,-0.007831870293436995,0.00012333840409483972,617733.4,43.29632,0.02158085422194322
mb_train_0005_s40006,1338,0.5096,4.1592,0.0347,0.5417,2.7226,40006,5,complete,8,134.7240944180012,28,6.867592e-06,-3344748.0,-52128800.0,-0.06416314973680576,0.27136453927171794,9895883.0,-0.1816681,0.13385110745858528
mb_train_0006_s40007,1692,0.9394,4.0645,0.3444,1.5206,3.3654,40007,5,complete,8,864.6784029800001,28,6.649387e-06,-155341.7,-42025650.0,-0.003696354488270854,7.919315933841332e-08,442919.1,-0.8908704,0.016792363968285127
mb_train_0007_s40008,1546,0.7719,4.0741,0.4630,1.4060,2.5874,40008,5,complete,8,313.4156623479994,28,1.669848e-05,-5660121.0,-61892400.0,-0.09145098590456986,0.07147626349330695,21468310.0,240948.1,0.21875239731119311
mb_train_0008_s40009,1511,0.4397,3.1171,0.4445,1.2430,1.8782,40009,5,complete,8,208.3649181410001,28,3.953566e-05,-35102240.0,-142722000.0,-0.24594834713639102,0.3901446175514725,119402900.0,51.13217,1.0029738678171498
mb_train_0009_s40010,1600,0.3780,2.9795,0.3287,1.1611,2.1085,40010,5,complete,8,213.76620726700094,28,6.318345e-06,-20594790.0,-98063600.0,-0.2100146231629269,0.29560699574989596,65636170.0,-0.7939149,0.6731283439080268
mb_train_0010_s40011,1556,0.8584,3.2832,0.4984,0.9791,2.4831,40011,5,complete,8,1946.1923234919996,28,4.630536e-06,-7298376.0,-74193700.0,-0.09836921463682226,0.0028716059572704944,21766060.0,-10.42082,0.20451988053679954
mb_train_0011_s40012,1651,0.3104,2.7332,0.3885,1.1207,1.1774,40012,5,complete,8,636.1809295340008,28,0.0006498316,-581469800.0,-1712275000.0,-0.3395890262954257,0.61057771186053,2119669000.0,-492.3199,5.09616088843597
mb_train_0012_s40013,1595,0.4197,2.6244,0.1563,1.9939,1.9985,40013,5,complete,8,217.12641716299913,28,2.29427e-05,-15047630.0,-88638980.0,-0.16976312227419585,0.4753127901204376,68142120.0,-0.7887484,0.7294874150551629
mb_train_0013_s40014,1612,0.3997,4.3972,0.1233,1.7672,3.2248,40014,5,complete,8,117.35120618700057,28,2.678176e-06,-464896.7,-29864280.0,-0.015566981691840554,0.0069584339918954035,1589844.0,0.1506019,0.03201734764139052
mb_train_0014_s40015,1591,0.4346,3.7804,0.1357,0.6424,1.0702,40015,5,complete,8,658.7044895979998,28,-3.643149e-05,-879788300.0,-2723709000.0,-0.32301112196640686,0.6610751700153321,3355213000.0,273.2597,5.5213645267633895
mb_train_0015_s40016,1633,0.8700,2.4836,0.3101,1.9717,3.0484,40016,5,complete,8,540.4849859850001,28,3.072387e-06,-54274.47,-34898880.0,-0.001555192315627321,0.00014052135377830497,245564.9,-27.79944,0.016054233695800394
mb_train_0016_s40017,1472,0.9019,2.6996,0.2809,0.8853,2.1202,40017,5,energy_check_failed,8,733.9468656049994,28,0.001795039,-22286120.0,-122262300.0,-0.18228121015227097,0.1786275044736365,71434610.0,0.6751942,0.513404154098427
mb_train_0017_s40018,1625,0.3608,2.8397,0.4686,0.7770,1.7406,40018,5,energy_check_failed,8,391.54919601200163,28,0.00505758,-90544480.0,-314473900.0,-0.2879236718850118,0.45685269825394104,319047400.0,17.38542,1.7155654093861559
mb_train_0018_s40019,1375,0.6612,2.4056,0.0749,0.8200,3.0647,40019,5,complete,8,367.3113171019995,28,7.107293e-07,-2120777.0,-44321170.0,-0.04785020341295142,0.03861301306077914,5927845.0,-9.035661,0.08751874033078677
mb_train_0018_s90182,1375,0.6612,2.4056,0.0749,0.8200,3.0647,90182,5,complete,8,495.9043175800016,28,5.579864e-07,-212152.2,-42590940.0,-0.0049811579645812,0.00022824486382889262,641720.1,-1.852091,0.018034743923277044
mb_train_0018_s90183,1375,0.6612,2.4056,0.0749,0.8200,3.0647,90183,5,complete,8,1398.4667799180024,28,1.102726e-06,-792691.2,-43213700.0,-0.01834351606087884,0.0005240840317137367,2855151.0,-6076.093,0.037928125983182924
mb_train_0018_s90184,1375,0.6612,2.4056,0.0749,0.8200,3.0647,90184,5,energy_check_failed,8,909.2692857919974,28,0.005689857,-1636183.0,-46051320.0,-0.0355295570246412,0.7763306427215049,6345845.0,-13.83158,0.07732658630144124
mb_train_0018_s90185,1375,0.6612,2.4056,0.0749,0.8200,3.0647,90185,5,energy_check_failed,8,4969.019529413999,28,0.002819084,-1085232.0,-45069030.0,-0.024079328976017455,0.0009377377371843071,3972566.0,321.6763,0.04705669150460489
mb_train_0019_s40020,1529,0.7480,3.3847,0.4727,0.4371,3.4125,40020,5,complete,8,976.3982035679983,28,1.121207e-05,-598365.6,-53306200.0,-0.011225065752201432,0.0003381314032758568,1807680.0,1440.261,0.02535893795007711
mb_train_0020_s40021,1468,0.3058,2.4550,0.1193,0.7093,3.4587,40021,5,complete,8,223.73127346299952,28,5.016045e-07,-94074.83,-33596860.0,-0.0028001078076939335,8.038239346273599e-05,288373.7,1.20376,0.016316394780035676
mb_train_0021_s40022,1572,0.4835,3.4299,0.2688,1.1753,1.5901,40022,5,complete,8,438.1273072940021,28,0.0005681217,-144980400.0,-452408600.0,-0.3204634040997452,0.4733136341188188,513461700.0,-24.26973,2.558944428530507
mb_train_0022_s40023,1261,0.3757,3.7229,0.2424,1.7772,2.0630,40023,5,energy_check_failed,8,90.4421812010005,28,0.002646585,-10469110.0,-52709440.0,-0.19861926061062307,0.4995418903803666,30786140.0,2.007164,0.5889381202081121
mb_train_0023_s40024,1514,0.6679,4.3439,0.3612,1.7220,3.4353,40024,5,complete,8,270.32702333600173,28,5.630819e-07,-101813.1,-30483310.0,-0.003339962097291928,8.247563427496068e-05,305282.0,-0.01250835,0.01669572484880846
mb_train_0024_s40025,1402,0.3468,4.2013,0.0964,0.3448,1.6508,40025,5,energy_check_failed,8,182.08622413800185,28,0.001123603,-117737500.0,-454879200.0,-0.25883245485834483,0.4182774392186007,495428700.0,-53.70077,2.2610188321357816
mb_train_0025_s40026,1642,0.9084,4.0407,0.2193,0.7304,3.3570,40026,5,complete,8,757.7496404630001,28,1.739889e-06,-409463.2,-57758090.0,-0.007089278748656682,0.00025979453098593473,1253620.0,162.3771,0.020031766920154986
mb_train_0026_s40027,1403,0.8298,3.0651,0.3791,0.5154,1.6311,40027,5,energy_check_failed,8,549.7588078869994,28,0.002556141,-153050900.0,-512773000.0,-0.29847690888560824,0.48507784011724203,550629200.0,-41.01656,2.1041470694934583
mb_train_0027_s40028,1405,0.3178,4.2151,0.4187,1.3674,2.0096,40028,5,energy_check_failed,8,169.0105616869987,28,0.001468898,-17676510.0,-80163260.0,-0.2205063766119292,0.3947754392694033,56430240.0,-0.02110844,0.7222450203019647
mb_train_0028_s40029,1218,0.6732,3.8709,0.0582,1.2210,2.1624,40029,5,energy_check_failed,8,219.56905699000345,28,0.00105049,-11398240.0,-68612780.0,-0.16612415354690482,0.00754261710579879,35919950.0,3647.156,0.42822950338643884
mb_train_0029_s40030,1664,0.4503,3.6806,0.0759,1.5880,3.3267,40030,5,complete,8,126.88979365600244,28,5.120438e-07,-107174.4,-30261370.0,-0.003541624189519509,8.131537008837932e-05,311546.5,0.0680667,0.016737529308666368
mb_train_0030_s40031,1646,0.5017,3.9676,0.4197,1.3307,1.0609,40031,5,energy_check_failed,8,764.1288822210008,28,0.001653583,-788505300.0,-2550227000.0,-0.30919024071190526,0.6530292187002421,3108915000.0,-36.1714,5.335912657582066
mb_train_0031_s40032,1383,0.9001,3.2312,0.4409,0.9267,1.8305,40032,5,energy_check_failed,8,587.1910432950026,28,0.003373927,-74474480.0,-266542100.0,-0.27940981931184605,0.3458786150638447,256127300.0,10.12273,1.4270756425426874
mb_train_0032_s40033,1209,0.5461,3.4949,0.3967,1.2244,1.3262,40033,5,energy_check_failed,8,356.36579685499964,28,0.0061549,-262622700.0,-833341800.0,-0.31514403813657255,0.5519896033358883,996205800.0,18.02102,3.943560387329261
mb_train_0033_s40034,1667,0.8339,3.7612,0.2316,1.2338,2.2462,40034,5,energy_check_failed,8,350.32314413100175,28,0.004387322,-17038310.0,-99168130.0,-0.1718123554412088,0.40965729582335336,53273390.0,2.93742,0.46216231001186375
mb_train_0034_s40035,1500,0.8718,2.4689,0.3662,1.8488,1.4351,40035,5,energy_check_failed,8,598.4891512279974,28,0.003088389,-177396900.0,-577473800.0,-0.30719471602001686,0.46475812147788376,667757500.0,18.08193,3.061179121922977
mb_train_0035_s40036,1393,0.8004,3.3070,0.0991,1.1985,2.5331,40036,5,energy_check_failed,8,306.86814154999956,28,0.001897368,-7722815.0,-61408980.0,-0.12576035296466412,0.050884567350117794,24084000.0,-0.5781448,0.29125851173906997
mb_train_0036_s40037,1507,0.4729,3.0835,0.2497,0.3753,2.1282,40037,5,complete,8,342.74579089799954,28,1.791551e-05,-22197300.0,-125535400.0,-0.17682104012095393,0.16766327436219722,78234240.0,-2.511872,0.5396867306369059
mb_train_0036_s90362,1507,0.4729,3.0835,0.2497,0.3753,2.1282,90362,5,energy_check_failed,8,212.94969117399887,28,0.003762099,-36120280.0,-162201400.0,-0.22268784363143598,0.3118400521812123,128746000.0,1.278895,0.853999366685493
mb_train_0036_s90363,1507,0.4729,3.0835,0.2497,0.3753,2.1282,90363,5,energy_check_failed,8,222.22519148100037,28,0.002439019,-30212280.0,-146350100.0,-0.2064383966939551,0.32225591713038537,103721500.0,1.497597,0.715869102034388
mb_train_0036_s90364,1507,0.4729,3.0835,0.2497,0.3753,2.1282,90364,5,energy_check_failed,8,247.3629741529985,28,0.001329008,-21199760.0,-125362600.0,-0.1691075328686546,0.12105476665773575,77079610.0,660.3149,0.5434613476519363
mb_train_0036_s90365,1507,0.4729,3.0835,0.2497,0.3753,2.1282,90365,5,energy_check_failed,8,222.33388623099745,28,0.002489596,-25998540.0,-140014800.0,-0.18568422766736087,0.2568296527420386,97643060.0,-2.85536,0.6467513391595334
mb_train_0037_s40038,1282,0.7575,3.9146,0.4931,1.7910,2.1659,40038,5,complete,8,133.74981280599968,28,1.518513e-05,-7801968.0,-55701110.0,-0.14006844746900016,0.19889802162736375,27230720.0,-0.3162289,0.37911225452997466
mb_train_0038_s40039,1255,0.7789,4.3791,0.3934,0.8172,1.3718,40039,5,energy_check_failed,8,467.13307229899874,28,0.001712834,-315186100.0,-1077988000.0,-0.29238368145099947,0.553300415215011,1262129000.0,57.5801,3.721258811506861
mb_train_0039_s40040,1451,0.5330,2.6341,0.4701,0.9613,1.0378,40040,5,energy_check_failed,8,1558.4918289670022,28,0.002916241,-863581700.0,-2685356000.0,-0.32158927903786316,0.6308921321514803,3314757000.0,-247.4309,5.725305367744966
mb_train_0040_s40041,1655,0.8393,4.2369,0.2278,1.8045,2.7309,40041,5,complete,8,186.8770551189955,28,9.808319e-07,-2125297.0,-43066970.0,-0.04934865396845889,0.0041091913271415715,5900696.0,-0.1045411,0.0887860881865545
mb_train_0041_s40042,1604,0.7461,3.3011,0.4590,0.5438,2.5986,40042,5,energy_check_failed,8,361.3123511369995,28,0.001323643,-8485184.0,-91175770.0,-0.09306402347904492,0.2852265784690114,34479630.0,11.26564,0.22490171183325755
mb_train_0042_s40043,1615,0.3023,3.6056,0.2511,1.2907,1.7644,40043,5,energy_check_failed,8,186.70958362999954,28,0.001581026,-43396790.0,-158416300.0,-0.273941444156946,0.3115066805632398,143141000.0,-4.069663,1.1898769974958854
mb_train_0043_s40044,1462,0.7155,3.6594,0.4530,0.8925,2.5077,40044,5,complete,8,290.3058068809987,28,1.431177e-05,-5772281.0,-65808220.0,-0.08771367771381751,0.0308680571857122,17569790.0,-5.040522,0.18192530887444927
mb_train_0044_s40045,1275,0.5262,3.4609,0.2242,1.2643,3.0418,40045,5,complete,8,151.43798970100033,28,8.408261e-07,-431.3001,-29250360.0,-1.4745121085689202e-05,3.124267766225883e-05,1215.769,-0.05287002,0.01506102007936354
mb_train_0045_s40046,1230,0.9282,3.3575,0.4469,0.9587,1.4742,40046,5,energy_check_failed,8,511.20166865500505,28,0.004429054,-250109800.0,-864352200.0,-0.2893609803966485,0.5306185523318159,991946000.0,146.8966,3.2399899809381125
mb_train_0046_s40047,1477,0.8471,3.8762,0.2638,1.5101,3.0918,40047,5,complete,8,2388.476436591998,28,5.621293e-07,-664415.0,-38401950.0,-0.017301595361693872,0.004411539474575378,3089856.0,-0.0400285,0.03936537703499314
mb_train_0047_s40048,1262,0.9171,3.1478,0.0487,1.0950,1.4840,40048,5,complete,8,542.6981236309948,28,0.0008176399,-217516400.0,-662728600.0,-0.32821338931200494,0.4930768438609686,769225900.0,-11.10812,3.208583626771802
mb_train_0048_s40049,1653,0.4274,2.5091,0.2680,0.7648,2.6650,40049,5,complete,8,462.20445201999974,28,6.863271e-06,-4624254.0,-59070940.0,-0.07828306101104875,0.39144216559038497,12857280.0,-2.440964,0.15910289421306717
mb_train_0049_s40050,1397,0.5495,2.9428,0.2606,1.0147,2.6974,40050,5,energy_check_failed,8,254.20827934500267,28,0.00210806,-4172786.0,-48813690.0,-0.08548392879128786,0.48709063920364,12249900.0,2.328946,0.18445841659655027
mb_train_0050_s40051,1490,0.8066,3.4553,0.0604,0.9401,2.8814,40051,5,energy_check_failed,8,646.7505727590033,28,0.00173649,-1655222.0,-52827630.0,-0.03133250535751841,0.00035388455445855606,5002642.0,0.04847162,0.05910557530807003
mb_train_0051_s40052,1649,0.3961,4.2783,0.4665,1.1078,3.0845,40052,5,complete,8,400.55006408900226,28,5.847337e-07,-368688.0,-37494530.0,-0.009833114323609338,0.00014163110814564074,1110916.0,0.1502502,0.024706523794562608
mb_train_0052_s40053,1291,0.3122,3.8948,0.3605,1.9220,1.7793,40053,5,complete,8,76.7457305900025,28,5.227802e-05,-26348390.0,-140986700.0,-0.18688564240456723,0.5227590756019628,131370600.0,-1.698212,1.239810214204114
mb_train_0053_s40054,1211,0.7363,2.9713,0.0658,1.6693,2.5491,40054,5,complete,8,169.9820381630052,28,1.0546e-06,-4400739.0,-39517430.0,-0.11136197369110289,0.7468781947759229,12833260.0,8.76038,0.2508076227684108
mb_train_0054_s40055,1385,0.7907,2.9686,0.3529,0.5672,1.1499,40055,5,complete,8,873.7749688070035,28,0.0009429392,-775187700.0,-2509544000.0,-0.30889583924410174,0.6200512469431597,3041430000.0,14.88732,5.168671537282307
mb_train_0055_s40056,1563,0.4063,4.4606,0.2008,1.4521,3.1394,40056,5,complete,8,111.94937791800476,28,2.092962e-05,-500853.3,-29934110.0,-0.01673185873907726,0.00014176280759256254,1445471.0,-50.12348,0.03607610391815042
mb_train_0055_s90552,1563,0.4063,4.4606,0.2008,1.4521,3.1394,90552,5,complete,8,245.11551420600154,28,6.57872e-07,-377377.5,-31408460.0,-0.012015154515694178,0.00010131920954481918,1251516.0,-0.7108613,0.02832309240377612
mb_train_0055_s90553,1563,0.4063,4.4606,0.2008,1.4521,3.1394,90553,5,complete,8,133.28686273499625,28,3.906744e-07,-506234.0,-30539000.0,-0.016576639706604668,0.0006264668117905948,1375417.0,-0.03295799,0.033092628746739294
mb_train_0055_s90554,1563,0.4063,4.4606,0.2008,1.4521,3.1394,90554,5,complete,8,208.75746406099643,28,5.231373e-07,-368155.5,-30615290.0,-0.012025216811599694,8.07458533146999e-05,1096492.0,-1.731196,0.028796793234586584
mb_train_0055_s90555,1563,0.4063,4.4606,0.2008,1.4521,3.1394,90555,5,energy_check_failed,8,131.21267375599564,28,0.003025495,-522269.0,-32097380.0,-0.016271390375164577,0.0002379070938539335,1546899.0,-0.01386273,0.03356019885958412
mb_train_0056_s40057,1365,0.3870,2.8676,0.4386,1.7603,1.1321,40057,5,energy_check_failed,8,593.9153060009994,28,0.004893178,-404553100.0,-1187884000.0,-0.3405661663933515,0.6184617050271027,1472041000.0,41.90987,5.006893180151552
mb_train_0057_s40058,1536,0.9200,3.1532,0.1379,1.5625,1.6866,40058,5,energy_check_failed,8,660.8962439660027,28,0.00308811,-92216930.0,-320564000.0,-0.2876708863128736,0.42755131839674126,335124600.0,6.858647,1.845169562011717
mb_train_0058_s40059,1344,0.3188,3.5081,0.0408,1.2971,3.2955,40059,5,complete,8,113.63684241900046,28,3.445801e-07,-188997.2,-26106390.0,-0.007239499601438575,0.0008894412192349939,496160.7,-2.404984,0.019421627442577055
mb_train_0059_s40060,1664,0.8435,2.7177,0.0712,0.4061,1.2618,40060,5,energy_check_failed,8,2224.1736455479986,28,0.001557974,-721422100.0,-2204645000.0,-0.32722823855994954,0.5993530001368131,2679215000.0,46.24293,4.503659468014595
mb_train_0060_s40061,1459,0.7048,4.2956,0.4087,1.4475,2.6058,40061,5,energy_check_failed,8,1340.608641730003,28,0.002123469,-2628843.0,-48142540.0,-0.054605407192890115,0.05734830874266741,10319070.0,0.0914456,0.11939933555702914
mb_train_0061_s40062,1229,0.8379,2.8031,0.3814,0.5575,2.6580,40062,5,complete,8,405.3774379899987,28,5.446178e-06,-4410925.0,-59353770.0,-0.0743158353715358,0.02350917324597448,12935520.0,10.94464,0.15210039009951432
mb_train_0062_s40063,1422,0.6135,3.0661,0.3664,1.8732,2.6378,40063,5,complete,8,1368.1773908579999,28,2.760899e-05,-2440786.0,-36376120.0,-0.06709858005746627,0.010495795206953826,8679987.0,221.1754,0.13906447971618788
mb_train_0063_s40064,1432,0.4948,2.4101,0.2715,1.2850,2.2887,40064,5,energy_check_failed,8,281.75029601799906,28,0.002048901,-7861849.0,-58430420.0,-0.1345506159291684,0.004263341867797257,23642480.0,160.231,0.30814990591496605
mb_train_0064_s40065,1350,0.4773,2.8472,0.2363,0.6189,2.6245,40065,5,energy_check_failed,8,259.19912305600155,28,0.001790347,-3816808.0,-55702560.0,-0.06852123134017539,0.005703477879945756,11773760.0,-0.9118189,0.13721181125730658
mb_train_0065_s40066,1425,0.4882,3.0975,0.4433,1.3575,1.0307,40066,5,energy_check_failed,8,677.6642067020002,28,0.002277474,-835583000.0,-2694373000.0,-0.310121501365995,0.6678831426680534,3298028000.0,276.9779,5.841976406768552
mb_train_0066_s40067,1334,0.6833,3.9612,0.4047,1.8277,2.9384,40067,5,complete,8,1004.2513544390022,28,1.694144e-05,-354020.5,-27995750.0,-0.012645508693283802,0.00017596800185300005,900636.3,19.24653,0.02655299705689832
mb_train_0067_s40068,1211,0.3978,3.8219,0.3119,0.3386,2.4012,40068,5,complete,8,263.3497675670005,28,6.123246e-05,-6552052.0,-61123700.0,-0.10719331454084095,0.0429122357392768,21013610.0,-0.4479048,0.2440121763773068
mb_train_0068_s40069,1553,0.3090,2.6602,0.4876,1.6046,3.2123,40069,5,complete,8,341.1681653009946,28,7.390733e-07,-132199.7,-25714740.0,-0.0051410086199588255,5.485731056878343e-05,365031.3,12.78428,0.017916484175931256
mb_train_0069_s40070,1580,0.9446,4.0126,0.1163,1.3060,3.3152,40070,5,complete,8,254.56623993600078,28,5.253752e-07,-189984.4,-43747870.0,-0.004342711999464202,0.000599793983084927,663619.8,4.435945,0.017024102333316297
mb_train_0070_s40071,1532,0.6757,3.9367,0.4346,0.3619,2.1743,40071,5,energy_check_failed,8,270.89003226000204,28,0.003294725,-36141350.0,-165900400.0,-0.21784968571504348,0.2873437212500363,123034200.0,-1.42868,0.7606316756377066
mb_train_0071_s40072,1660,0.6805,3.8657,0.1659,1.7386,2.3263,40072,5,complete,8,403.1237455169976,28,3.339096e-06,-6021802.0,-59000200.0,-0.10206409469798408,0.02842926419699618,21342110.0,11.02323,0.2382753044997123
mb_train_0072_s40073,1453,0.9488,3.6528,0.2394,1.3812,1.3444,40073,5,energy_check_failed,8,641.8060867769964,28,0.004806158,-344904800.0,-1109477000.0,-0.31087151874261476,0.5720140746084137,1309726000.0,15.26467,3.719371891372067
mb_train_0073_s40074,1419,0.3825,2.7859,0.2449,1.5753,1.2536,40074,5,energy_check_failed,8,353.7642182970012,28,0.004627269,-277610000.0,-867181200.0,-0.32012917254202466,0.55076726342711,1030883000.0,-1225.813,3.948303896040563
mb_train_0073_s90732,1419,0.3825,2.7859,0.2449,1.5753,1.2536,90732,5,energy_check_failed,8,346.38027872399834,28,0.005337376,-306438100.0,-979811500.0,-0.3127520956837106,0.6144519888355919,1178116000.0,-75.22199,4.301277497887128
mb_train_0073_s90733,1419,0.3825,2.7859,0.2449,1.5753,1.2536,90733,5,energy_check_failed,8,338.93477045000327,28,0.002101811,-292180300.0,-866514700.0,-0.33719024039638335,0.5752981977224337,1051908000.0,14.18142,4.441908947938678
mb_train_0073_s90734,1419,0.3825,2.7859,0.2449,1.5753,1.2536,90734,5,complete,8,639.1121823840003,28,5.098207e-05,-363815300.0,-1071653000.0,-0.33948983486259077,0.6274529960669604,1317614000.0,42.01553,4.6618835410315045
mb_train_0073_s90735,1419,0.3825,2.7859,0.2449,1.5753,1.2536,90735,5,complete,8,718.3894886679991,28,0.0008701211,-305726700.0,-906183600.0,-0.3373783193604475,0.5671002892452638,1105015000.0,-36.60255,4.375094348309389
mb_train_0074_s40075,1493,0.8087,4.3890,0.1928,1.9422,1.6187,40075,5,energy_check_failed,8,298.5439125509947,28,0.001255495,-85641520.0,-324456500.0,-0.2639537811694326,0.4697750577056549,339296800.0,-2.991422,2.1113989859464963
mb_train_0075_s40076,1207,0.8153,2.6909,0.1137,1.2697,3.3938,40076,5,complete,8,417.8679539090008,28,1.538654e-05,-690.9997,-30593480.0,-2.2586502091295268e-05,0.00010355764264441794,696.2998,-427.82,0.01506256302925795
mb_train_0076_s40077,1434,0.5647,2.7751,0.1018,0.6311,3.3408,40077,5,complete,8,329.03975915400224,28,1.190139e-06,-445407.6,-42624310.0,-0.01044961431633732,0.00016492165827435365,1220205.0,0.2002041,0.024652809277717687
mb_train_0077_s40078,1475,0.7441,2.5960,0.2559,1.5085,1.5148,40078,5,energy_check_failed,8,563.7537620599978,28,0.00124229,-168832800.0,-568818100.0,-0.2968133398005443,0.5343464066224098,646588500.0,67.55804,2.8802783601593562
mb_train_0078_s40079,1414,0.4982,3.0106,0.3061,1.0107,1.4196,40079,5,energy_check_failed,8,412.88096683799813,28,0.00139592,-243388900.0,-747597200.0,-0.32556154570937396,0.5377521324924842,877401100.0,128.1421,3.4113535059572406
mb_train_0079_s40080,1200,0.5529,2.9982,0.3249,0.6784,1.3137,40080,5,energy_check_failed,8,378.50635659399995,28,0.002037229,-339164700.0,-1027293000.0,-0.33015381200884264,0.5686726832126102,1237603000.0,38.16944,4.088853387679594
mb_train_0080_s40081,1380,0.4845,2.6809,0.1323,0.8279,2.5669,40081,5,complete,8,240.80924523199792,28,1.695024e-05,-4251282.0,-52332510.0,-0.08123596594162978,0.001610039277563803,12822830.0,-0.03652971,0.15598326611508606
mb_train_0081_s40082,1566,0.3836,4.1012,0.0388,1.7023,1.5582,40082,5,energy_check_failed,8,313.84709086600196,28,0.004465338,-90035330.0,-299675700.0,-0.3004425450578742,0.3947104986453651,327373900.0,-14.53026,2.1769929039914224
mb_train_0082_s40083,1637,0.7019,2.9553,0.2306,0.7708,2.1398,40083,5,energy_check_failed,8,516.2080819280018,28,0.0045239,-29918790.0,-148869700.0,-0.20097299853496045,0.27289516053289586,105184900.0,-0.2771895,0.6877227901165931
mb_train_0083_s40084,1546,0.7131,4.4732,0.1101,0.5886,2.8714,40084,5,energy_check_failed,8,184.24082823400386,28,0.001844739,-2782407.0,-61269410.0,-0.04541266188135319,0.038808772404612266,8487069.0,-1.969721,0.08766050849497145
mb_train_0084_s40085,1215,0.3511,4.1461,0.0337,1.1433,2.7658,40085,5,complete,8,119.30198271600239,28,0.0007762657,-3041433.0,-34898700.0,-0.08715032365102425,0.001999856317729176,8507412.0,0.01208109,0.16723373367850985
mb_train_0085_s40086,1581,0.6012,3.4196,0.0976,0.5355,1.7301,40086,5,energy_check_failed,8,500.7461376189967,28,0.002541687,-114253900.0,-383961700.0,-0.2975658770132542,0.4521162078493601,398882600.0,-3.80555,1.8321192522690388
mb_train_0086_s40087,1560,0.4538,3.9031,0.4500,1.6421,2.2254,40087,5,energy_check_failed,8,125.92915307799558,28,0.001225415,-10056990.0,-63180600.0,-0.1591784503471002,0.0707398237444802,33899700.0,-1.116607,0.44021628708294813
mb_train_0087_s40088,1469,0.6048,2.7547,0.3469,0.4627,1.2468,40088,5,energy_check_failed,8,821.7519538159977,28,0.01451334,-557117400.0,-1687652000.0,-0.3301139097396857,0.579487555046746,2063180000.0,166.4887,4.49168335094508
mb_train_0088_s40089,1610,0.5884,4.4248,0.2780,1.9649,2.0525,40089,5,energy_check_failed,8,145.56294664300367,28,0.002304201,-9403672.0,-59171760.0,-0.15892162071907276,0.02506645276440948,28132500.0,2.692085,0.3902624837538189
mb_train_0089_s40090,1694,0.8958,4.3251,0.1988,1.9307,1.7861,40090,5,energy_check_failed,8,348.89030453399755,28,0.001835855,-53245270.0,-219481300.0,-0.24259592958488946,0.4222506524992736,207649600.0,-2.413213,1.3827271389924132
mb_train_0090_s40091,1530,0.5422,3.4823,0.4518,0.9340,2.5767,40091,5,energy_check_failed,8,299.04451363699627,28,0.001767412,-4540271.0,-56636920.0,-0.0801645110645141,0.20326738205715034,12884780.0,2.112783,0.16516696309607612
mb_train_0091_s40092,1264,0.4170,3.1205,0.1942,0.6499,3.1165,40092,5,complete,8,232.75890755999717,28,5.862542e-06,-868133.9,-35319850.0,-0.024579206876586396,0.00010752325188545223,3140489.0,-1.879111,0.053681145364875844
mb_train_0091_s90912,1264,0.4170,3.1205,0.1942,0.6499,3.1165,90912,5,complete,8,117.71036964599625,28,8.02149e-07,-1196650.0,-36310370.0,-0.032956149992412635,0.00048076212760623404,3528492.0,0.02894525,0.05742694826418189
mb_train_0091_s90913,1264,0.4170,3.1205,0.1942,0.6499,3.1165,90913,5,complete,8,526.6958464560012,28,1.517701e-06,-410.9722,-34645940.0,-1.1862059450544566e-05,-0.000144368572862106,2052.524,-0.005674621,0.015070850336711766
mb_train_0091_s90914,1264,0.4170,3.1205,0.1942,0.6499,3.1165,90914,5,complete,8,1513.6583586189954,28,9.090964e-07,-753219.3,-35719030.0,-0.02108733915786627,0.001028113857411779,2277736.0,-0.8562841,0.038518585120125015
mb_train_0091_s90915,1264,0.4170,3.1205,0.1942,0.6499,3.1165,90915,5,complete,8,2808.0347474869923,28,1.122019e-06,-877163.1,-36825700.0,-0.023819319116812444,0.002201086662218235,2526604.0,-24.03213,0.045519759338348904
mb_train_0092_s40093,1239,0.7643,3.3404,0.4144,1.2504,1.3049,40093,5,complete,8,471.91442592100066,28,0.0007429595,-332442400.0,-1115957000.0,-0.29789893338184176,0.5994464003388256,1320930000.0,46.95034,3.8796577513301647
mb_train_0093_s40094,1596,0.6035,4.1421,0.4274,0.8740,1.4512,40094,5,energy_check_failed,8,489.55758523700933,28,0.001323293,-273281500.0,-858285300.0,-0.31840403185281163,0.4953514965337939,997611500.0,2.147193,3.2052261625745464
mb_train_0094_s40095,1627,0.6558,4.1092,0.4825,1.1213,1.1983,40095,5,energy_check_failed,8,1014.0600648960099,28,0.00406944,-603046100.0,-1904703000.0,-0.3166089936331281,0.5671964382159175,2322996000.0,-1355.376,4.7871842378412826
mb_train_0095_s40096,1456,0.6969,3.7366,0.3944,1.8608,3.0010,40096,5,complete,8,2335.6722796510003,28,1.31228e-05,-1447702.0,-33345090.0,-0.0434157472659393,0.006487934671638223,4729869.0,-0.2535696,0.08213005043848087
mb_train_0096_s40097,1253,0.9206,3.0150,0.2420,1.7761,2.0391,40097,5,complete,8,299.9081229230069,28,2.842598e-05,-14715190.0,-78643220.0,-0.18711326926847605,0.42773800406246876,48204760.0,-2.174902,0.5542682571338688
mb_train_0097_s40098,1515,0.8811,3.4048,0.2201,0.8782,2.6290,40098,5,energy_check_failed,8,354.5242247510032,28,0.001536055,-9827943.0,-80270140.0,-0.12243585223596222,0.3338551108812902,33030500.0,0.7075511,0.2980251077366798
mb_train_0098_s40099,1331,0.6180,2.6411,0.2934,1.8118,2.4762,40099,5,complete,8,261.40688387800765,28,1.391603e-05,-3963043.0,-37115980.0,-0.10677457526380821,0.0006279780461630116,11563440.0,20.63178,0.22415143497358178
mb_train_0099_s40100,1323,0.5067,2.5284,0.0418,1.1115,2.6511,40100,5,energy_check_failed,8,699.519642765008,28,0.004763612,-2203255.0,-42982400.0,-0.0512594689919595,0.48077594286635,9106800.0,0.03835543,0.11511576318986946
mb_train_0100_s40101,1502,0.9131,3.3608,0.2236,1.0737,3.0623,40101,5,energy_check_failed,8,457.9755727330048,28,0.003697305,-740546.7,-47856230.0,-0.015474405317761135,0.0009896060572547282,2019677.0,2.050452,0.031559858083900466
mb_train_0101_s40102,1559,0.8505,4.0482,0.1481,1.8871,2.9973,40102,5,complete,8,335.72859149900614,28,2.545438e-07,-617165.2,-34455640.0,-0.017911877416875728,8.280110414521105e-05,1893293.0,-4.258841,0.03970827992153865
mb_train_0102_s40103,1444,0.5763,4.2765,0.3507,0.4890,2.1453,40103,5,energy_check_failed,8,247.2214740470081,28,0.00445337,-18865540.0,-110673400.0,-0.17046137554281335,0.033486515625844794,58227960.0,-0.7874092,0.4501486440737541
mb_train_0103_s40104,1533,0.6788,4.0358,0.1717,0.6678,2.0004,40104,5,energy_check_failed,8,279.7300094499951,28,0.003375073,-39907780.0,-188197600.0,-0.21205254477209062,0.32807612951660053,145106500.0,78.28516,0.7877420955549146
mb_train_0104_s40105,1416,0.6526,2.5443,0.2081,1.6719,1.3510,40105,5,complete,8,909.3033492579998,28,0.0008534675,-250491400.0,-773192700.0,-0.32397020820294864,0.5547024768115791,913486000.0,93.16132,3.81089844249872
mb_train_0105_s40106,1387,0.3216,4.4313,0.2379,0.3574,3.4014,40106,5,complete,8,198.34939422999742,28,6.621688e-07,-599482.8,-36929290.0,-0.016233260915658007,0.00024338262915966894,1832116.0,0.009408055,0.03328354592799457
mb_train_0106_s40107,1412,0.3421,4.4473,0.4322,1.1930,1.3888,40107,5,energy_check_failed,8,166.3349272560008,28,0.001903123,-213981100.0,-683204700.0,-0.31320203154340126,0.5482516913876974,802472700.0,13.24584,3.418218415761447
mb_train_0107_s40108,1613,0.8548,3.1294,0.3697,0.7976,2.3295,40108,5,complete,8,661.3520691610029,28,2.700868e-05,-22222610.0,-121122200.0,-0.18347264167922975,0.17900440137319604,71576230.0,-3.487639,0.5184549071476114
mb_train_0108_s40109,1690,0.4867,4.3112,0.4398,0.4835,1.1419,40109,5,energy_check_failed,8,789.0858763669967,28,0.002694455,-851771800.0,-2751318000.0,-0.30958682347878363,0.6282285936209675,3345443000.0,-30.47181,5.248935609580207
mb_train_0109_s40110,1565,0.6175,3.5438,0.2473,1.0616,3.1302,40110,5,complete,8,392.6968354760029,28,6.204596e-06,-482041.1,-41792780.0,-0.011534075981545136,0.0003242812697921402,1470326.0,-0.9126451,0.024105675903389495
mb_train_0110_s40111,1700,0.7560,2.4611,0.1287,0.6695,1.9390,40111,5,energy_check_failed,8,700.007865667998,28,0.007055219,-44319130.0,-203449800.0,-0.21783815958531294,0.3691875269212189,151819300.0,-4.336751,0.7686617700546775
mb_train_0110_s91102,1700,0.7560,2.4611,0.1287,0.6695,1.9390,91102,5,energy_check_failed,8,674.6040651200019,28,0.005016251,-70112010.0,-293617000.0,-0.23878729773820997,0.43079466699071955,270513400.0,23.52353,1.1854920606907922
mb_train_0110_s91103,1700,0.7560,2.4611,0.1287,0.6695,1.9390,91103,5,energy_check_failed,8,812.0863520179992,28,0.003205469,-69865730.0,-256052500.0,-0.2728570508001289,0.4169187096449146,227505200.0,10.67029,1.189166950645181
mb_train_0110_s91104,1700,0.7560,2.4611,0.1287,0.6695,1.9390,91104,5,energy_check_failed,8,701.4181620140007,28,0.002737067,-58892080.0,-256847400.0,-0.22928820770621,0.35060334089065964,220677800.0,656.88,1.0098324583226586
mb_train_0110_s91105,1700,0.7560,2.4611,0.1287,0.6695,1.9390,91105,5,energy_check_failed,8,709.0297841229913,28,0.001103486,-59674160.0,-263877200.0,-0.2261436759219819,0.3628565529870886,224170100.0,1.518938,1.0142434427568436
mb_train_0111_s40112,1492,0.5414,3.3359,0.3714,1.8502,2.9203,40112,5,complete,8,266.4398961919942,28,1.683025e-06,-536906.4,-30498750.0,-0.017604210008606912,0.028415455654840396,2095994.0,-0.3123031,0.036551980889440706
mb_train_0112_s40113,1288,0.6650,4.4997,0.0279,0.7496,1.5665,40113,5,energy_check_failed,8,483.27741939399857,28,0.002605723,-165824100.0,-534922300.0,-0.30999661072271617,0.45052401912629103,599432200.0,5.558857,2.5824995087323557
mb_train_0113_s40114,1265,0.8758,4.1973,0.4018,1.6394,1.4276,40114,5,energy_check_failed,8,555.2037366919976,28,0.005035534,-217618100.0,-654516700.0,-0.3324867035478239,0.5328527360545837,770043500.0,-33.15179,3.4486118050188432
mb_train_0114_s40115,1629,0.7703,4.2222,0.2047,1.0038,3.4402,40115,5,complete,8,1299.0974332609912,28,9.553054e-07,-447059.9,-46042760.0,-0.009709667708886262,5.924581918440906e-05,1434884.0,2.841654,0.02506973339913995
mb_train_0115_s40116,1329,0.7825,2.4299,0.1120,0.7468,1.2146,40116,5,energy_check_failed,8,1749.4009632570087,28,0.001150553,-550054800.0,-1725455000.0,-0.3187882616469279,0.5801787385547768,2094875000.0,-1.868766,4.654411486793786
mb_train_0116_s40117,1285,0.6594,2.5553,0.0684,1.7652,2.4499,40117,5,complete,8,706.6311092160031,28,1.013016e-05,-2217398.0,-35951660.0,-0.06167720767274724,0.0007325901800218093,7383106.0,4.987189,0.12481169774763866
mb_train_0117_s40118,1399,0.6115,3.3226,0.1308,0.6383,2.8085,40118,5,complete,8,295.3745439149934,28,2.196946e-05,-2135064.0,-52673160.0,-0.04053419236666264,0.18287826500751264,6357387.0,-1.244708,0.07873541104131206
mb_train_0118_s40119,1549,0.4105,2.4382,0.4602,1.0379,3.3039,40119,5,complete,8,731.390043980995,28,8.603738e-07,-623293.3,-36198190.0,-0.017218907906721304,0.00012536613180343827,1831346.0,27.50281,0.03458365000306017
mb_train_0119_s40120,1433,0.3909,4.2327,0.0690,0.7875,3.4979,40120,5,complete,8,170.71564702999603,28,6.433894e-06,-112620.2,-35317910.0,-0.003188756073051888,0.00010339539443190476,327748.2,16.4962,0.01643897295602861
mb_train_0120_s40121,1527,0.3665,4.4578,0.3378,1.6806,2.4561,40121,5,complete,8,117.35637191298883,28,3.241393e-05,-4295477.0,-42593520.0,-0.10084813370672346,0.1994925127058066,14500850.0,2.372215,0.2272116246267193
mb_train_0121_s40122,1346,0.9098,2.4175,0.3033,1.5553,1.1788,40122,5,energy_check_failed,8,1019.1046876859909,28,0.001092017,-539207700.0,-1709315000.0,-0.31545250582835815,0.6135357488403819,2077136000.0,66.27732,4.814862546921888
mb_train_0122_s40123,1681,0.3380,3.6984,0.1773,0.4971,1.8544,40123,5,energy_check_failed,8,217.24309188500047,28,0.001893631,-66369170.0,-247775100.0,-0.26786053158691087,0.40478824731422736,235334600.0,-3.218401,1.38603178534965
mb_train_0123_s40124,1246,0.7120,3.4625,0.2399,1.8444,2.6820,40124,5,complete,8,3592.0469867770007,28,-3.698584e-07,-1606235.0,-31180900.0,-0.051513426488651703,0.3321864484337597,6198352.0,69.16711,0.11797415254571404
mb_train_0124_s40125,1675,0.5848,2.6555,0.4901,1.5632,1.8676,40125,5,energy_check_failed,8,501.7290938340011,28,0.002023317,-41787850.0,-172600600.0,-0.2421072116782908,0.31649725937084583,157368700.0,-3.083548,1.1834831770723035
mb_train_0125_s40126,1249,0.4037,2.4429,0.3045,0.4212,2.2020,40126,5,energy_check_failed,8,392.2259793019912,28,0.004660979,-15415170.0,-83467880.0,-0.18468385683211314,0.1922091679819295,48955250.0,26.82609,0.5077637764281342
mb_train_0126_s40127,1618,0.7306,3.9251,0.0809,1.5461,2.8360,40127,5,complete,8,722.8851300789975,28,1.136255e-06,-2113234.0,-45177930.0,-0.04677580402643503,0.00039804058613480573,6659374.0,0.04958071,0.09005665885568578
mb_train_0127_s40128,1205,0.7194,3.0004,0.0128,0.5294,1.4658,40128,5,energy_check_failed,8,841.3551034089905,28,0.001489526,-248389700.0,-835723900.0,-0.29721502520150495,0.5444573587391104,965211500.0,5.300597,3.221277546190322
mb_train_0128_s40129,1497,0.9411,3.2814,0.3732,0.5544,3.4277,40129,5,complete,8,5487.078508567007,28,8.065001e-07,-426396.1,-55030380.0,-0.007748376442248808,0.000347538825988324,1029728.0,47.24473,0.019295221564953374
mb_train_0128_s91282,1497,0.9411,3.2814,0.3732,0.5544,3.4277,91282,5,energy_check_failed,8,5233.680516763998,28,0.001631333,-1127927.0,-55190310.0,-0.020437047735372388,0.0007228531633696152,3677044.0,494.7394,0.04084484561700626
mb_train_0128_s91283,1497,0.9411,3.2814,0.3732,0.5544,3.4277,91283,5,complete,8,4608.517736663998,28,4.240574e-06,-768293.1,-55674700.0,-0.013799681004118568,0.0001487190240287203,2334556.0,1607.013,0.029981782396347082
mb_train_0128_s91284,1497,0.9411,3.2814,0.3732,0.5544,3.4277,91284,5,complete,8,4187.0929446719965,28,1.147746e-05,-1190452.0,-56224700.0,-0.021173114307412935,0.003417881611354343,3298852.0,-25.69195,0.03841478481861925
mb_train_0128_s91285,1497,0.9411,3.2814,0.3732,0.5544,3.4277,91285,5,complete,8,964.6697056520061,28,1.472817e-06,-418029.4,-54995290.0,-0.007601185483338664,0.0007781380926796058,1281272.0,-20.284,0.019754466638788427
mb_train_0129_s40130,1622,0.9277,2.8309,0.1865,1.3164,1.7180,40130,5,energy_check_failed,8,674.5641161960084,28,0.004368411,-124545600.0,-483042500.0,-0.2578356976870565,0.44390664945208824,506265100.0,1851.758,2.0172932689313736
mb_train_0130_s40131,1653,0.8647,2.5332,0.1337,1.3243,2.9507,40131,5,complete,8,762.8767552499921,28,-3.001727e-06,-2172369.0,-48241200.0,-0.04503140469142559,0.0005555437404971255,5793575.0,4.19575,0.07349299095839992
mb_train_0131_s40132,1318,0.7265,3.7779,0.3303,0.3876,1.7073,40132,5,energy_check_failed,8,230.78099807701074,28,0.001190019,-125612900.0,-388239900.0,-0.3235445403731044,0.47707042827607676,418851500.0,34.55174,2.0927167589223994
mb_train_0132_s40133,1643,0.8251,3.0299,0.4206,1.5933,1.0943,40133,5,energy_check_failed,8,1065.1356765139935,28,0.00203253,-826934900.0,-2616501000.0,-0.3160460859751248,0.6423188814500391,3194423000.0,-58.41298,5.284170917940455
mb_train_0133_s40134,1245,0.6007,2.7290,0.1841,1.2095,3.2342,40134,5,energy_check_failed,8,359.9806983919989,28,0.002954681,-506276.1,-30102260.0,-0.016818541199232217,0.0007263167271771273,1585618.0,-15.81994,0.033443170355274346
mb_train_0134_s40135,1251,0.8090,4.0199,0.4905,0.3390,1.1891,40135,5,energy_check_failed,8,807.8949582140049,28,0.002719495,-657693400.0,-2145440000.0,-0.3065540868073682,0.6281924069786925,2600690000.0,-673.1371,5.036956325238575
mb_train_0135_s40136,1431,0.4083,2.5901,0.4968,0.3168,2.7148,40136,5,complete,8,416.0570002930035,28,2.560471e-06,-3968766.0,-56633250.0,-0.07007837268742302,0.005452495813560184,13531740.0,20.52138,0.14719163785093944
mb_train_0136_s40137,1320,0.7620,3.6067,0.2760,1.8766,2.4364,40137,5,energy_check_failed,8,165.6684377920028,28,0.002669595,-4841814.0,-42476620.0,-0.11398774196251962,0.08830628355405638,14932560.0,0.6654457,0.257822114626065
mb_train_0137_s40138,1327,0.5291,3.7036,0.4281,1.8304,3.2392,40138,5,complete,8,1377.0373728380073,28,4.937884e-07,-412440.7,-24322750.0,-0.016956992938709645,0.00037154795828830663,1259675.0,-41.63767,0.03402804645553791
mb_train_0138_s40139,1638,0.8822,3.0340,0.0902,0.8116,3.1221,40139,5,complete,8,448.1173387460003,28,3.463196e-06,-1046360.0,-59136160.0,-0.01769408091428324,0.015646001376199398,3056671.0,-44.20003,0.035868033047888735
mb_train_0139_s40140,1696,0.8268,2.6475,0.2483,1.3615,1.4461,40140,5,complete,8,1203.5935332390072,28,0.0006802485,-260715000.0,-907807800.0,-0.28719184831855377,0.49164873520894464,1039717000.0,-31.10709,3.16893499366157
mb_train_0140_s40141,1377,0.9245,3.9962,0.0835,0.8566,1.3850,40141,5,energy_check_failed,8,545.465130808996,28,0.004659584,-391804800.0,-1277939000.0,-0.3065911596719405,0.5907597354601066,1513493000.0,-0.9521568,3.9099242362203475
mb_train_0141_s40142,1395,0.6934,3.3788,0.2619,1.1516,3.0339,40142,5,complete,8,673.9697774730012,28,1.683881e-06,-154937.1,-37807990.0,-0.0040979988621452764,0.0003120213299461523,407510.4,739.6906,0.01667796849411551
mb_train_0142_s40143,1589,0.5480,3.1029,0.1405,0.6254,2.7544,40143,5,complete,8,324.125453746994,28,1.422077e-06,-2469758.0,-57157420.0,-0.04320975299444937,0.0006465556544406375,7140372.0,266.5983,0.08123056615596382
mb_train_0143_s40144,1447,0.5771,2.8912,0.3323,0.5043,2.0971,40144,5,energy_check_failed,8,240.9576094780059,28,0.001181174,-31295340.0,-148716700.0,-0.2104359496949569,0.31328114664994855,105930500.0,-5.878042,0.737891447058454
mb_train_0144_s40145,1551,0.6368,3.5998,0.0876,0.8053,1.4004,40145,5,energy_check_failed,8,512.4608650959999,28,0.001599785,-319815500.0,-1014113000.0,-0.31536475718189194,0.5354274573934034,1185696000.0,-52.47709,3.355929720687969
mb_train_0145_s40146,1386,0.5728,3.2618,0.2866,0.4239,2.7837,40146,5,energy_check_failed,8,379.75579317999654,28,0.003377979,-3307033.0,-57901940.0,-0.0571143730244617,0.0007483493512160295,10187460.0,4.212263,0.10862461307004186
mb_train_0146_s40147,1568,0.6849,3.9959,0.4032,1.5484,1.1258,40147,5,energy_check_failed,8,938.0974863469892,28,0.001743798,-699388100.0,-2287281000.0,-0.3057727056710566,0.6664462835441438,2786654000.0,-9.286169,5.360188706837739
mb_train_0146_s91462,1568,0.6849,3.9959,0.4032,1.5484,1.1258,91462,5,energy_check_failed,8,496.82851685200876,28,0.00350905,-622613700.0,-1937382000.0,-0.3213685788347368,0.6226327817714259,2379138000.0,150.4071,5.1052426488438565
mb_train_0146_s91463,1568,0.6849,3.9959,0.4032,1.5484,1.1258,91463,5,energy_check_failed,8,494.13756986400404,28,0.003176948,-703021700.0,-2192113000.0,-0.32070504577090686,0.6758356107642196,2696168000.0,885.2647,5.39511705823484
mb_train_0146_s91464,1568,0.6849,3.9959,0.4032,1.5484,1.1258,91464,4,missing_result,,,28,0.0005898654,-664363600.0,-2190747000.0,-0.30325893405308785,0.6374402510914204,2658045000.0,-28.98486,
