source_id,binary_prob,«e¦V¼Ò«¬,RUWE,CMD°¾²¾,GaiaNSS
53029278307021696,0.9897360703812317,1,0,0,0
63547270960574336,0.2554945054945055,0,0,0,0
64114245300877184,1.0,1,0,0,0
64160940185240064,0.769650655021834,1,0,0,0
51742471745296768,0.2690972222222222,0,1,0,0
53258732639653760,0.05322128851540616,0,0,0,0
63592767549850112,0.48699763593380613,0,0,0,0
63593798341985152,1.0,1,0,0,0
63824901943723392,0.0,0,0,0,0
53892669813156736,0.05322128851540616,0,0,0,0
63485427727244544,0.9970544918998527,1,0,0,0
63693785181958912,1.0,1,0,0,0
64095656682494720,0.23163841807909605,0,0,0,0
53332571717238400,1.0,1,0,0,0
53341642688604416,0.9897360703812317,1,0,0,0
63632178171114624,0.9897360703812317,1,0,0,0
64016904160440960,1.0,1,1,0,0
64172038380708224,0.3640939597315436,0,1,0,0
64174546641593984,1.0,1,0,0,0
64653383953596032,0.002131060202450719,0,0,0,0
51619120284286976,0.23163841807909605,0,0,0,0
53014881576687872,0.0,0,0,0,0
58259414601023744,0.002131060202450719,0,0,0,0
63052048347383168,0.5386666666666666,1,0,0,0
63391178965446656,0.9352360043907794,1,0,0,0
51303388648134400,1.0,1,0,0,0
51616268426009472,0.33073929961089493,0,0,0,0
63102694601689728,0.4740882917466411,0,0,0,0
63449521800719488,0.002131060202450719,0,0,0,0
63892006512622848,0.9970544918998527,1,0,1,0
63958801843006208,1.0,1,1,0,0
64259518272776576,0.6462395543175488,1,0,0,0
50976077779666688,0.24803767660910517,0,0,0,0
51492264130122496,0.2898550724637681,0,0,0,0
63436396380626688,1.0,1,0,0,0
63773774653147904,1.0,1,0,1,0
63795455648004608,0.2201058201058201,0,0,0,0
63838886357191936,0.0,0,0,0,0
63839023796354560,0.0,0,0,0,0
53140397701490176,0.9352360043907794,1,0,0,0
53335045618385536,0.4740882917466411,0,0,0,0
63786625195137664,0.0,0,0,0,0
63959351598814336,0.2077125328659071,0,0,0,0
64109915973846528,0.24778761061946902,0,0,0,0
64157023175179776,0.0,0,0,0,0
64313222543810560,0.6516129032258065,1,1,0,0
50907014706346624,1.0,1,0,0,0
63144716561596288,1.0,1,0,0,0
63289920816208768,0.2301980198019802,0,0,0,0
63661521387693824,1.0,1,0,0,0
63705433133130368,0.9352360043907794,1,0,0,0
63884584809145600,0.1731748726655348,0,0,0,0
63916431989200256,0.25815217391304346,0,0,0,0
64117062799542016,0.9897360703812317,1,0,0,0
64168705486089216,0.05322128851540616,0,0,0,0
51391658816356608,0.6462395543175488,1,0,0,0
51681655008229632,1.0,1,1,1,0
53864804065393536,0.2077125328659071,0,0,0,0
63502259702709888,1.0,1,0,0,0
63662311661690880,0.05322128851540616,0,0,0,0
63953819680971008,0.13570887035633056,0,0,0,0
63547378335443200,0.2554945054945055,0,0,0,0
63585036608738048,1.0,1,0,0,0
63627264728628224,0.9897360703812317,1,0,0,0
63677326867342464,1.0,1,0,1,0
63826448131945984,0.9970544918998527,1,0,1,0
51408529447927296,0.05322128851540616,0,0,0,0
63730309584280960,0.3640939597315436,0,1,0,0
63775355201110016,0.33073929961089493,0,0,0,0
63826070174824192,0.9897360703812317,1,0,0,0
63999999169130112,1.0,1,0,0,0
64009448097245440,nan,0,0,0,0
64743646986745600,1.0,1,1,0,0
64757425241820800,0.20693222969477496,0,0,0,0
64856312568645248,0.5852017937219731,1,0,0,0
64889126119831040,1.0,1,0,0,0
64923279699744256,0.2301980198019802,0,0,0,0
64962174923490304,0.13570887035633056,0,0,0,0
64963377514329984,0.9352360043907794,1,0,0,0
64980832261312640,0.9897360703812317,1,0,0,0
65005262035285888,1.0,1,0,0,0
65007083101413888,1.0,1,0,0,0
65026839950559744,0.10354223433242507,0,0,0,0
65086591535491584,1.0,1,0,0,0
65089473457126784,0.19567354965585054,0,0,0,0
65101606741121792,0.6462395543175488,1,0,0,0
65181115176348544,1.0,1,0,0,0
65213172812266752,0.002131060202450719,0,0,0,0
65225469302220800,0.0,0,0,0,0
65293368441513344,1.0,1,0,1,0
65561473183104640,0.0,0,0,0,0
65690498298435840,1.0,1,1,0,0
66289044940711168,1.0,1,0,0,0
66468918172339328,0.0,0,0,0,0
66509771901085696,nan,0,0,0,0
66523103479455744,0.05322128851540616,0,0,0,0
66581549393480704,0.127134724857685,0,0,0,0
66659271121456768,0.13570887035633056,0,0,0,0
66715273197982848,0.3125,0,0,0,0
66720946851771904,1.0,1,1,0,0
66729674225341696,0.0,0,0,0,0
66750358787789056,0.0,0,0,0,0
66786539592171392,0.13570887035633056,0,0,0,0
66802207632871808,1.0,1,0,1,0
66808839062339712,0.0,0,0,0,0
50940034414875392,0.20693222969477496,0,0,0,0
51307065140124032,0.127134724857685,0,0,0,0
51765595848971648,0.9352360043907794,1,0,0,0
61917043110119552,0.13570887035633056,0,0,0,0
63876402894075904,0.5824915824915825,1,0,0,0
63958561324922240,0.8004434589800443,1,1,0,0
63989691247627776,0.2898550724637681,0,0,0,0
64006905476619776,0.10354223433242507,0,0,0,0
51761575759616000,nan,0,1,0,0
64092907903452800,0.002131060202450719,0,0,0,0
64449321467581056,0.13570887035633056,0,0,0,0
64456262134709376,1.0,1,0,0,0
63094894941091328,0.023255813953488372,0,0,0,0
63546038305742720,0.6462395543175488,1,0,0,0
64021714523841280,1.0,1,0,0,0
64050645425295872,0.10354223433242507,0,0,0,0
64059407158605568,0.0,0,0,0,0
64103009666497024,0.127134724857685,0,0,0,0
64739248940235392,0.2874743326488706,0,0,0,0
64879402312818944,0.3650107991360691,0,0,0,0
64884624994048256,0.9970544918998527,1,0,0,0
64895139073954944,0.1731748726655348,0,0,0,0
64900739711320960,0.0,0,0,0,0
64916751349465856,0.1731748726655348,0,0,0,0
64960628735279232,0.48699763593380613,0,0,0,0
64984951133439232,0.2898550724637681,0,0,0,0
65000863988835200,0.05322128851540616,0,0,0,0
65018417518780672,0.05322128851540616,0,0,0,0
65038281743395584,1.0,1,0,0,0
65297251091930624,0.9352360043907794,1,0,0,0
65787289680918528,0.23163841807909605,0,0,0,0
66486510358371072,1.0,1,1,0,0
66489259137570816,0.24803767660910517,0,0,0,0
64679840952155264,0.38529411764705884,0,0,0,0
64929391436043264,0.1511627906976744,0,0,0,0
64956127609464320,0.24778761061946902,0,0,0,0
64979732749686016,0.3640939597315436,0,0,0,0
65004712279475712,0.1971153846153846,0,0,0,0
65107860213588096,0.19567354965585054,0,0,0,0
65135176205557888,0.9970544918998527,1,0,0,0
65190048708380160,1.0,1,0,0,0
65222518661019520,0.127134724857685,0,0,0,0
65222759179728640,0.48699763593380613,0,0,0,0
65225611037551360,0.22627737226277372,0,0,0,0
65231486552803328,0.6516129032258065,1,0,0,0
65232757863112192,1.0,1,0,0,0
65245539685760640,0.9897360703812317,1,0,0,0
65263612908043392,0.0,0,0,0,0
65264673762670080,0.0,0,0,0,0
65275501377570944,0.2845744680851064,0,1,0,1
65281166437426176,0.2165745856353591,0,0,0,0
65349684053273600,0.2898550724637681,0,0,0,0
65434518247043072,0.1731748726655348,0,0,0,0
65486951208575488,0.9970544918998527,1,0,0,0
65552681387907200,0.05322128851540616,0,0,0,0
65674383581036800,1.0,1,0,1,0
65677372878285312,0.25815217391304346,0,0,0,0
66441323003146112,0.0,0,0,0,0
66506331628024832,0.3125,0,0,0,0
66550350752004352,1.0,1,1,1,0
66556535504957568,0.18019480519480519,0,0,0,0
66581961710329984,1.0,1,0,0,0
66658240329321088,0.9897360703812317,1,0,0,0
66719228864863360,0.20693222969477496,0,0,0,0
66737405166459264,1.0,1,0,0,0
66741116018188416,0.9897360703812317,1,0,0,0
66746441777612416,0.2943820224719101,0,0,0,0
66781316909399424,0.10354223433242507,0,0,0,0
66788669895935616,0.13570887035633056,0,0,0,0
66823304512166528,0.127134724857685,0,1,0,0
51609980593783424,0.9352360043907794,1,0,0,0
51730067879582080,1.0,1,1,0,0
63327682168301952,0.6462395543175488,1,0,0,0
63534390354375040,0.2554945054945055,0,1,0,0
64445988572906752,1.0,1,0,0,0
64836349560719232,0.18019480519480519,0,0,0,0
64874454510493440,0.2898550724637681,0,0,0,0
64999588381514496,0.48699763593380613,0,0,0,0
65005846150835200,1.0,1,0,0,0
65037731987586304,0.2898550724637681,0,0,0,0
65089336018173440,0.48358862144420134,0,0,0,0
65090680344356992,0.2874743326488706,0,1,0,1
65112739296356608,1.0,1,0,0,0
65150947325369600,0.07446808510638298,0,0,0,0
65189739470654464,0.9852272727272727,1,0,0,0
65199978672758272,1.0,1,0,0,0
65207709611941376,0.2103448275862069,0,0,0,0
65216643145862144,1.0,1,0,0,0
65237911823760640,0.9897360703812317,1,0,0,0
65269935099961600,0.0,0,0,0,0
65275089060719104,0.3640939597315436,0,0,0,0
65276703968959488,0.48358862144420134,0,0,0,1
65282098447322752,0.18019480519480519,0,0,0,0
65435102362687616,0.25823451910408435,0,0,0,0
65626623544976768,0.9352360043907794,1,0,0,0
65830548591559936,0.13570887035633056,0,0,0,0
66431775295228288,0.0,0,0,0,0
66533170882790784,0.05322128851540616,0,0,0,0
66593437863017984,0.002131060202450719,0,0,0,0
66655560269868544,0.5386666666666666,1,0,0,0
66757746131459200,0.0,0,0,0,0
64128294135554688,1.0,1,0,1,0
64136063734692224,0.18019480519480519,0,0,0,0
64430939007563520,0.023255813953488372,0,0,0,0
64804841680675200,0.2301980198019802,0,0,0,0
64896101146708224,0.2898550724637681,0,0,0,0
64928605459180416,0.2690972222222222,0,1,0,0
64942001460286080,0.023255813953488372,0,0,0,0
64981931772948480,nan,0,0,0,0
65004437401569664,0.13570887035633056,0,0,0,0
65175480179315840,0.0,0,0,0,0
65202830531043968,0.2201058201058201,0,0,0,0
65223618172733952,0.25815217391304346,0,0,0,0
65284228751087872,0.20693222969477496,0,0,0,0
65289623229979136,0.3640939597315436,0,0,0,0
65299381395665664,1.0,1,0,0,0
65393698877913728,0.002131060202450719,0,0,0,0
66470567439742208,0.002131060202450719,0,0,0,0
66482868226100096,0.33073929961089493,0,0,0,0
66553443128503552,0.18019480519480519,0,0,0,0
66555985749157760,0.3145780051150895,0,0,0,0
66556535504958848,0.2301980198019802,0,0,0,0
66565778274538624,0.6462395543175488,1,0,0,0
66597767189992832,0.18050541516245489,0,0,0,0
66710948167949696,0.0,0,0,0,0
66715827250786432,0.05322128851540616,0,0,0,0
66739982146803456,0.127134724857685,0,0,0,0
51505217751483392,1.0,1,0,0,0
51677669278703104,0.9970544918998527,1,0,1,0
53174379482675456,1.0,1,0,0,0
53255434104774272,0.9352360043907794,1,0,0,0
61554650949438208,0.3640939597315436,0,0,0,0
63378981257953152,0.2845744680851064,0,0,0,0
64597927335800064,0.5852017937219731,1,1,0,0
64600813554014592,0.20693222969477496,0,0,0,0
64871740091177600,0.9897360703812317,1,0,1,0
64915754917051520,0.002131060202450719,0,0,0,0
64951111087777536,1.0,1,0,0,0
64952829074688896,0.5386666666666666,1,0,0,0
65011962184337664,0.002131060202450719,0,0,0,0
65014985841292032,0.05322128851540616,0,0,0,0
65017627244152064,0.24778761061946902,0,0,0,0
65017906418989312,1.0,1,0,0,0
65053915424355584,0.002131060202450719,0,0,0,0
65161976802151680,0.19567354965585054,0,0,0,0
65170016980919808,0.18019480519480519,0,0,0,0
65213172812266240,1.0,1,0,0,0
65280552259109760,0.002131060202450719,0,0,0,0
65281239453865856,0.2201058201058201,0,0,0,0
65419434321982464,1.0,1,0,0,0
65673593307063552,0.33073929961089493,0,0,0,0
65720734868130816,0.13570887035633056,0,0,0,0
65775195052996608,0.9352360043907794,1,0,0,0
66522107047046656,0.13570887035633056,0,0,0,0
66531178017967872,0.13570887035633056,0,0,0,0
64720625961541120,0.05322128851540616,0,0,0,0
64891634380723712,0.2201058201058201,0,0,0,0
64941211186036352,0.2828828828828829,0,0,0,0
65008388771477120,1.0,1,0,0,0
65013474012743936,0.19567354965585054,0,0,0,0
65027905102436608,0.127134724857685,0,0,0,0
65210389673469312,1.0,1,0,0,0
65212932294091264,1.0,1,0,0,0
65244749411766528,0.127134724857685,0,0,0,0
65289004754691200,0.9897360703812317,1,0,1,0
65471729844532864,0.9503105590062112,1,0,0,0
65589137070475264,1.0,1,0,0,0
65603946117575936,0.9352360043907794,1,0,0,0
65783029073414144,1.0,1,0,0,0
66481734354737792,0.19567354965585054,0,0,0,0
66497952151148544,0.0,0,0,0,0
66515922294233728,0.13570887035633056,0,0,0,0
66537981246228096,0.2301980198019802,0,0,0,0
66652467893487488,0.2201058201058201,0,0,0,0
66738023641737088,0.9352360043907794,1,0,0,0
66798496781121792,1.0,1,0,0,0
66798977817468288,0.18019480519480519,0,0,0,0
66885942316710784,0.05322128851540616,0,0,0,0
66903293984399872,0.127134724857685,0,0,0,0
67368868438779392,1.0,1,0,0,0
67799189799869312,0.0,0,0,0,0
64870296982175488,0.2201058201058201,0,0,0,0
64930495244783616,0.3650107991360691,0,0,0,0
64974338270788864,0.18019480519480519,0,0,0,0
64989490915460608,0.127134724857685,0,0,0,0
65113559634339200,0.13043478260869565,0,0,0,0
65164171528305792,0.9620253164556962,1,0,0,0
65196405259884544,0.18019480519480519,0,0,0,0
65203758244032512,1.0,1,0,0,0
65263097511969792,0.023255813953488372,0,0,0,0
65267078945207296,1.0,1,0,0,0
65289279632597760,0.3640939597315436,0,1,0,0
65717814290369920,0.9897360703812317,1,0,0,0
65945997312877952,1.0,1,0,0,0
66280248847432192,1.0,1,0,0,0
66453490649681280,1.0,1,0,0,0
66521179334108928,0.0,0,0,0,0
66560349435890176,0.13570887035633056,0,0,0,0
66659408560406528,0.13570887035633056,0,0,0,0
66720534534913792,1.0,1,0,0,0
66724451545088128,1.0,1,1,0,0
66725379258016768,1.0,1,1,0,0
66752042414936704,1.0,1,0,0,0
66755959425257856,0.05322128851540616,0,0,0,0
66761903659793152,1.0,1,0,1,0
66802276352348416,0.19567354965585054,0,0,0,0
66811450402457216,0.19567354965585054,0,0,0,0
66816295125702144,0.2554945054945055,0,0,0,0
66821655244731264,1.0,1,0,1,0
66823132713476480,0.05322128851540616,0,0,0,0
66847631206903040,nan,0,1,0,0
66878245735176704,1.0,1,0,0,0
67074096242336384,1.0,1,0,0,0
64232271000313472,0.9852272727272727,1,0,0,0
64272128296706432,0.25815217391304346,0,0,0,0
64898368889386624,0.3125,0,1,0,1
64912009705490304,0.9970544918998527,1,0,1,0
64933759417769984,0.3125,0,0,0,0
64982344089813248,0.9897360703812317,1,0,0,0
65010239900405504,0.25815217391304346,0,0,0,0
65020414679879296,0.13043478260869565,0,0,0,0
65136791113382912,0.05322128851540616,0,0,0,0
65165653294149760,1.0,1,0,0,0
65207709613871744,0.48699763593380613,0,1,0,1
65241863193865856,0.9352360043907794,1,0,0,0
65247704349267584,0.3640939597315436,0,0,0,0
65248151025861120,0.8004434589800443,1,1,0,0
65248460263511552,0.5824915824915825,1,1,0,0
65257187636977536,0.2898550724637681,0,0,0,0
65701527774387840,0.13570887035633056,0,0,0,0
65864427293364864,0.2554945054945055,0,0,0,0
66517468482370176,0.10354223433242507,0,0,0,0
66555573432261376,1.0,1,0,0,0
66558249192653952,0.2943820224719101,0,0,0,0
66710845088732160,0.2201058201058201,0,0,0,0
66729261908482048,0.2874743326488706,0,0,0,0
66732423004453376,1.0,1,0,0,0
66800592725851776,0.2301980198019802,0,0,0,0
66801623517295104,0.9352360043907794,1,0,0,0
64967569402404480,0.9352360043907794,1,0,0,0
65125864716379264,0.2554945054945055,0,0,0,0
65169943964429952,1.0,1,0,0,0
65211557904569856,0.18050541516245489,0,0,0,0
65223515093523328,0.05322128851540616,0,0,0,0
65224442806459008,0.127134724857685,0,0,0,0
65229734206151680,1.0,1,1,1,1
65279418387728896,0.05322128851540616,0,0,0,0
65605354866829184,1.0,1,0,0,0
65666102884206848,0.002131060202450719,0,0,0,0
65675895409522048,0.002131060202450719,0,0,0,0
65732447241199744,0.2554945054945055,0,0,0,0
66429232674604544,0.9352360043907794,1,0,0,0
66452047540860160,0.6462395543175488,1,0,0,0
66507882115488128,1.0,1,0,0,0
66712253837994880,0.05322128851540616,0,0,0,0
66791624833561856,nan,0,0,0,0
66808220587759104,0.127134724857685,0,0,0,0
66850517426494208,nan,0,0,0,0
66911231083913600,0.9970544918998527,1,0,1,0
66926211929978880,0.13570887035633056,0,0,0,0
66937859881182848,1.0,1,1,0,1
64040818540162304,0.4740882917466411,0,0,0,0
64053566003097984,1.0,1,1,0,0
64104933811828480,0.9970544918998527,1,0,0,0
64215125490886656,0.9352360043907794,1,0,0,0
64317998547641344,0.13043478260869565,0,0,0,0
64808483812941440,0.33073929961089493,0,0,0,0
64818203322590208,0.002131060202450719,0,0,0,0
64841503521468544,1.0,1,1,1,1
64857721317916032,0.9352360043907794,1,0,0,0
64894623677888640,1.0,1,0,0,0
64917094946846848,0.9970544918998527,1,0,0,0
64924413571101952,0.2828828828828829,0,0,0,0
64927368508592512,0.0,0,0,0,0
64971177174850304,0.48699763593380613,0,0,0,0
65129506848731136,0.9620253164556962,1,0,0,0
65179946945247488,0.2077125328659071,0,0,0,0
65184894747573376,1.0,1,0,0,0
65184929107310592,1.0,1,1,0,0
65221487868870784,0.3145780051150895,0,0,0,0
65233788655261568,0.3640939597315436,0,0,0,0
65254885534508672,0.13570887035633056,0,0,0,0
65292268929825408,0.18050541516245489,0,0,0,0
65506467539939584,nan,0,0,0,0
65544538129847936,0.002131060202450719,0,0,0,0
65553471661907328,1.0,1,1,1,0
65750627840192256,0.19567354965585054,0,0,0,0
66522381924952704,0.13570887035633056,0,0,0,0
66523893753437824,0.13043478260869565,0,0,0,0
64589062523316736,1.0,1,0,0,0
64656201452146304,0.05322128851540616,0,0,0,0
64888129687348736,1.0,1,1,0,0
64922283267331968,0.127134724857685,0,0,0,0
64951626483855744,1.0,1,1,0,0
64988803720689408,0.0,0,0,0,0
64998905483757568,1.0,1,0,0,0
65011412428446592,1.0,1,1,1,0
65120470237460480,0.22627737226277372,0,0,0,0
65125452399528320,0.25823451910408435,0,0,0,0
65188090203295744,0.3650107991360691,0,0,0,0
65201039527567232,nan,0,0,0,0
65232066371441792,0.0,0,0,0,0
65270450496044416,0.1731748726655348,0,0,0,0
65280071222749824,0.13570887035633056,0,0,0,0
65287458566524928,nan,0,0,0,0
65807218329068544,0.002131060202450719,0,0,0,0
65819965792011904,0.2874743326488706,0,0,0,0
66471220274934272,0.48699763593380613,0,0,0,0
66501181966524800,0.2690972222222222,0,0,0,0
66503449709270400,1.0,1,1,0,0
66511970924353792,0.9897360703812317,1,0,0,0
66529975427235712,nan,0,0,0,0
66541142342159232,0.0,0,0,0,0
66567427541958784,0.05322128851540616,0,0,0,0
66649409876772096,nan,0,1,0,0
66658996243552000,0.25815217391304346,0,0,0,0
66694455493470464,0.127134724857685,0,0,0,0
66745617143891968,0.38529411764705884,0,0,0,0
66774513683782912,0.2554945054945055,0,0,0,0
66782897460055424,0.9970544918998527,1,0,0,0
66788253282520192,0.2898550724637681,0,0,0,0
66788291938818304,0.2828828828828829,0,0,0,0
66940299422471296,0.2201058201058201,0,0,0,0
66969535261875072,1.0,1,1,0,0
66999913567402112,1.0,1,1,1,1
64644484781444864,1.0,1,0,0,0
64843805623922688,0.6462395543175488,1,0,0,0
64864593265614464,1.0,1,0,1,0
64913452814489216,0.2690972222222222,0,0,0,0
64966916567283456,0.0,0,0,0,0
64974574492213248,0.0,0,0,0,0
64981863053470592,0.2898550724637681,0,0,0,0
65012408860856832,0.9352360043907794,1,0,0,0
65019246448775424,0.0,0,0,0,0
65190220507070208,0.9503105590062112,1,0,0,0
65229184450247296,0.002131060202450719,0,0,0,0
65289588870240384,0.1731748726655348,0,0,0,0
65298483745290368,0.13570887035633056,0,0,0,0
65643184938861312,0.20693222969477496,0,0,0,0
65677098000371712,0.0,0,0,0,0
66451497784867712,0.9970544918998527,1,0,1,0
66485582645439104,0.9352360043907794,1,0,0,0
66512074003566976,0.18019480519480519,0,0,0,0
66523103479455232,0.0,0,0,0,0
66556672943906688,1.0,1,0,0,0
66560727393001216,0.13570887035633056,0,0,0,0
66657415696297344,0.3650107991360691,0,0,0,0
66747816167123712,0.23163841807909605,0,0,0,1
66749121837171840,1.0,1,0,0,0
66791483097102464,0.0,0,0,0,0
66820590092840960,1.0,1,0,0,0
66897933865345920,0.19567354965585054,0,0,0,0
67429856973800960,0.023255813953488372,0,0,0,0
66809491897360896,0.1971153846153846,0,0,0,0
66876596467931776,0.0,0,0,0,0
67368834079044224,0.05322128851540616,0,0,0,0
67373094686549632,1.0,1,0,0,0
67732257029618048,0.25823451910408435,0,0,0,0
68046133239891584,0.25823451910408435,0,0,0,0
68147391388599808,1.0,1,0,1,0
68150861722174848,0.2301980198019802,0,0,0,0
68183125516472320,0.20693222969477496,0,0,0,0
68540535515653504,0.24778761061946902,0,0,0,0
68593346433465856,0.0,0,0,0,0
68600321460320768,0.05322128851540616,0,0,0,0
68607090328759040,1.0,1,1,0,0
68672717428941184,nan,0,1,1,0
68956803745067520,0.4740882917466411,0,1,0,0
69420213536768896,0.0,0,0,0,0
69814388455816960,0.2165745856353591,0,0,0,0
69857235049588736,0.49222797927461137,0,0,0,0
69911867033651200,0.002131060202450719,0,0,0,0
69992371901046400,0.002131060202450719,0,0,0,0
70024154658949120,0.2845744680851064,0,1,0,0
70036695963457792,0.9352360043907794,1,0,0,0
64804360644343424,0.002131060202450719,0,0,0,0
64934893291213952,0.2554945054945055,0,0,0,0
64936508198907904,0.0,0,0,0,0
64946025846426752,0.2898550724637681,0,0,0,0
64981137202021376,0.2554945054945055,0,0,0,0
65023232178029440,0.25823451910408435,0,0,0,0
65167577439502592,1.0,1,0,1,0
65222209423382912,1.0,1,1,0,0
65242069352190976,0.2874743326488706,0,1,0,0
65275020341243520,0.9352360043907794,1,0,0,0
65289279632598016,1.0,1,0,0,0
65296357738731008,0.2845744680851064,0,0,0,0
65688539793220480,0.0,0,0,0,0
65699569269925888,0.002131060202450719,0,0,0,0
65776736943479808,0.2103448275862069,0,0,0,0
65779971056668032,0.9352360043907794,1,0,0,0
65823676643738368,1.0,1,0,0,0
65844361206181376,0.0625,0,0,0,0
66483761579269888,0.13570887035633056,0,0,0,0
66565365957676416,0.2690972222222222,0,0,0,0
66734720809017856,1.0,1,1,0,0
66735446661374976,0.0,0,0,0,0
66765751950550144,0.9897360703812317,1,0,0,0
66781832308018176,0.2690972222222222,0,0,0,0
66787119410915072,0.24803767660910517,0,0,0,0
66831069813319936,1.0,1,0,0,0
66899239535574400,0.20693222969477496,0,0,0,0
66997817623367296,0.19567354965585054,0,0,0,0
67054305033161344,0.9352360043907794,1,0,0,0
63849572235829248,0.24803767660910517,0,0,0,0
64037588724758400,0.9970544918998527,1,0,0,0
64346276612274816,0.6462395543175488,1,0,0,0
64734709159049600,0.0,0,0,0,0
64770241424108032,0.48358862144420134,0,0,0,0
65008010814357248,0.0,0,0,0,0
65058760147520000,0.9352360043907794,1,0,0,0
65117206062341760,1.0,1,1,1,0
65147438335354624,0.0,0,0,0,0
65194584193758336,0.23163841807909605,0,0,0,0
65211145587780992,0.127134724857685,0,0,0,0
65212107660378880,1.0,1,0,0,0
65212760495396736,0.1731748726655348,0,0,0,0
65214409762926720,0.127134724857685,0,0,0,0
65214856439472640,0.8004434589800443,1,0,0,0
65671634801986048,0.9970544918998527,1,0,0,0
65963348980559616,0.0,0,0,0,0
66473178779856768,0.13570887035633056,0,0,0,0
66665902550940672,1.0,1,0,0,0
66697547870378368,nan,0,0,0,0
66765855029760768,0.2898550724637681,0,0,0,0
66793583338514816,0.25823451910408435,0,0,0,0
64073597730589952,0.18050541516245489,0,0,0,0
64148738180119680,1.0,1,0,0,0
64276315888567424,0.2554945054945055,0,0,0,0
64331123967672448,1.0,1,0,0,0
64449729487990912,0.2828828828828829,0,1,0,0
64768763955442944,0.18019480519480519,0,0,0,0
64909153549943296,0.002131060202450719,0,0,0,0
64938569783224960,0.2077125328659071,0,0,0,0
65011481147922560,0.002131060202450719,0,0,0,0
65040686925109760,1.0,1,0,0,0
65047043476608128,0.6462395543175488,1,0,0,0
65063707949772544,0.48358862144420134,0,1,1,0
65088275162687104,0.05322128851540616,0,0,0,0
65119164567417856,0.2690972222222222,0,0,0,0
65196370900147968,1.0,1,0,0,0
65201249983083392,1.0,1,0,0,0
65295430026352512,0.2828828828828829,0,0,0,0
65507807569730304,1.0,1,0,0,0
65635522717170944,0.9970544918998527,1,0,0,0
65712488530853120,0.127134724857685,0,0,0,0
66462939577861248,0.2828828828828829,0,0,0,0
66509634462127360,0.9352360043907794,1,0,0,0
66699712533433600,1.0,1,0,0,0
66729880383767168,1.0,1,0,0,1
66737095928811648,0.1971153846153846,0,0,0,0
66737576965143296,1.0,1,0,0,0
66745754582838272,0.9352360043907794,1,0,0,0
66791659193405952,1.0,1,0,0,0
66886011036187392,0.13570887035633056,0,0,0,0
66980362877378432,0.2874743326488706,0,0,0,0
68014964661425280,0.023255813953488372,0,0,0,0
68364682374473856,0.2898550724637681,0,0,0,0
68433814167849728,0.9897360703812317,1,0,0,0
68475767408245632,0.25823451910408435,0,0,0,0
68620868583787904,0.5852017937219731,1,0,0,0
69400834644329984,0.05322128851540616,0,0,0,0
69583456653826048,0.25823451910408435,0,0,0,0
69763329884321664,1.0,1,0,0,0
69824249700740736,1.0,1,0,0,0
69829541100441600,1.0,1,0,0,0
69829609819915648,0.48358862144420134,0,1,0,1
69894962042148096,0.0,0,0,0,0
69927260196225024,1.0,1,1,1,0
69934334006064768,0.9352360043907794,1,0,0,0
69962719446879232,1.0,1,0,0,0
69985637392346496,0.13570887035633056,0,0,0,0
70160287942261376,1.0,1,0,0,0
70190249631846272,0.07446808510638298,0,0,0,0
66930403817997696,0.9897360703812317,1,0,0,0
68291977168100480,0.1731748726655348,0,0,0,0
68398732874994944,0.25815217391304346,0,0,0,0
68513356962056704,0.002131060202450719,0,0,0,0
68514559552895488,0.0,0,0,0,0
68577300435634432,0.13570887035633056,0,0,0,0
69834759483788928,0.24803767660910517,0,0,0,0
69860293066219136,0.25823451910408435,0,0,0,0
69892385061858944,1.0,1,1,0,0
69951449452730752,1.0,1,0,0,0
70108473456817280,0.48699763593380613,0,0,0,0
70132658415356672,1.0,1,0,0,0
70152144684310144,0.9970544918998527,1,0,1,0
70175474946486784,0.0,0,0,0,0
70313016978627584,0.19567354965585054,0,0,0,0
64346070453848320,1.0,1,0,0,0
64380636350910464,1.0,1,0,0,0
64401389632616960,1.0,1,0,0,0
64441143849872512,0.9352360043907794,1,0,0,0
64574352259640192,0.9852272727272727,1,0,0,0
64720179284934016,0.13570887035633056,0,0,0,0
64797523056344064,0.9352360043907794,1,0,0,0
64960663095015680,0.2201058201058201,0,0,0,0
64980278208557696,1.0,1,0,0,0
64988322684358144,0.6462395543175488,1,0,0,0
65010519075247616,0.9897360703812317,1,0,0,0
65027595864800000,0.5386666666666666,1,0,0,0
65052953351603456,0.2554945054945055,0,1,0,0
65096899456994304,0.2077125328659071,0,0,0,0
65098514364769408,0.9897360703812317,1,0,0,0
65108714911246720,0.0,0,0,0,0
65208396808627840,0.2165745856353591,0,0,0,0
65284469269256704,0.3640939597315436,0,0,0,0
65299965511216384,1.0,1,0,1,0
65772789871345024,0.2898550724637681,0,0,0,0
65781345446197504,0.2554945054945055,0,0,0,0
66469742806047744,0.2898550724637681,0,0,0,0
66480944080770176,0.25815217391304346,0,0,0,0
66507469798631808,0.24778761061946902,0,0,0,1
66517468482370304,0.2828828828828829,0,0,0,0
66536331978799616,1.0,1,0,0,0
66539252556578816,0.19567354965585054,0,0,0,0
66792999222948992,0.0,0,0,0,0
66799763794633856,0.2554945054945055,0,0,0,0
68183331674900864,0.05322128851540616,0,0,0,0
68185221460637824,0.13570887035633056,0,0,0,0
68225834671270528,1.0,1,0,0,0
68265279651517056,0.9897360703812317,1,0,0,0
68284104491279872,0.0,0,0,0,0
68295481861500928,0.4740882917466411,0,0,0,0
68298093201624960,0.2898550724637681,0,0,0,0
68378563708730624,0.1731748726655348,0,0,0,0
68452265347345664,0.13570887035633056,0,0,0,0
68632310376680064,0.002131060202450719,0,0,0,0
69335619861034752,0.3125,0,0,0,0
69349535555140608,1.0,1,0,1,0
69819027020489088,0.2874743326488706,0,0,0,0
69863454162150656,1.0,1,0,1,0
69947635521777152,0.9352360043907794,1,0,0,0
70044628765739776,0.33073929961089493,0,0,0,0
66944422591073024,0.19567354965585054,0,1,0,1
67368834079847680,1.0,1,1,0,0
67576332537157888,0.002131060202450719,0,0,0,0
67736070960579072,0.0,0,0,0,0
68142374866825216,0.2898550724637681,0,0,0,0
68162921990400256,0.9897360703812317,1,0,0,0
68282837477714816,0.0,0,0,0,0
68308882159427840,1.0,1,0,1,0
69250235911393408,0.2690972222222222,0,0,0,0
69575313395795584,0.24803767660910517,0,0,0,0
69840879814047872,0.48358862144420134,0,0,0,0
69873418486230272,0.4740882917466411,0,0,0,0
69911282917833216,0.9970544918998527,1,0,1,0
69974504837007232,0.9897360703812317,1,0,0,0
66951466337428480,0.6462395543175488,1,0,0,0
66969676998824576,0.3650107991360691,0,0,0,0
67899520235887616,0.2898550724637681,0,0,0,0
68268303308484224,0.0,0,0,0,0
68310359628169088,1.0,1,1,0,1
68323485048225152,0.127134724857685,0,0,0,0
68356367317952128,0.002131060202450719,0,0,0,0
68356367317952256,0.20693222969477496,0,0,0,0
68363411064150272,0.4740882917466411,0,0,0,0
68475904847290240,0.9352360043907794,1,0,0,0
69351219182301184,0.05322128851540616,0,0,0,0
69859124835119360,0.6462395543175488,1,0,0,0
69918086146123520,1.0,1,0,0,0
69985499953396480,0.13570887035633056,0,0,0,0
66531418536135552,1.0,1,0,1,0
66532621126978304,0.13570887035633056,0,0,0,0
66640712564777856,0.2554945054945055,0,0,0,0
66665902550940800,0.2077125328659071,0,0,0,0
66734725106867968,1.0,1,0,0,0
66753038847347456,0.5852017937219731,1,1,0,0
66804406656115328,nan,0,0,0,0
66887660303617408,1.0,1,0,0,0
66950435545271680,0.18019480519480519,0,0,0,0
67381787700522240,1.0,1,0,0,0
68097020012324352,0.2874743326488706,0,0,0,0
68317609532996480,0.23163841807909605,0,0,0,0
68409590552589184,nan,0,0,1,0
68448142178730752,0.05322128851540616,0,0,0,0
68660554081641472,0.05322128851540616,0,0,0,0
67656665605333888,0.13570887035633056,0,0,0,0
68261053403709312,0.6462395543175488,1,0,0,0
68262973252098304,0.0,0,0,0,0
68300326584600448,0.002131060202450719,0,0,0,0
68381793524163968,0.0,0,0,0,0
68587161680620288,1.0,1,1,0,0
68616779774936064,0.0,0,0,0,0
68860012362308992,0.9897360703812317,1,0,0,0
69811948914407168,0.13043478260869565,0,0,0,0
69945814454871680,0.49222797927461137,0,0,0,0
69990241597280640,1.0,1,0,0,0
70049477786093056,1.0,1,0,0,0
70060610341280128,0.05322128851540616,0,0,0,0
70941383577307392,0.3640939597315436,0,0,0,1
71036358190950528,0.9352360043907794,1,0,0,0
71056252479453056,0.6462395543175488,1,0,0,0
68250264445159936,0.48699763593380613,0,0,0,0
68303659479211776,0.2077125328659071,0,0,0,0
68530124514310912,0.1731748726655348,0,0,0,0
68660244843997312,0.5824915824915825,1,1,0,0
69294319455655808,0.1731748726655348,0,0,0,0
69470206956077056,0.9852272727272727,1,0,0,0
69704643451409792,0.13570887035633056,0,0,0,0
69811364798863744,1.0,1,0,0,0
69811639676769536,0.48358862144420134,0,0,0,0
69838302833692160,0.24803767660910517,0,0,0,0
69871219462957952,1.0,1,0,0,0
69904410970171392,1.0,1,0,0,0
70188733509474688,0.5824915824915825,1,1,0,0
70286319462343808,0.23163841807909605,0,0,0,0
70462688000922880,0.49222797927461137,0,0,0,0
70938810893886208,0.13570887035633056,0,0,0,0
67369658709673344,1.0,1,0,0,0
68117635855255168,0.9352360043907794,1,0,0,0
68162028637205888,0.6462395543175488,1,0,0,0
68192093408157568,0.0,0,0,0,0
68296650092601088,0.1731748726655348,0,0,0,0
68556508497159936,1.0,1,1,0,0
68653201097557888,1.0,1,0,0,0
69651759518208000,0.0,0,0,0,0
69810093488518784,1.0,1,1,0,0
69896473870624640,0.25815217391304346,0,1,0,0
69904617128601984,1.0,1,0,0,0
69906472554465792,1.0,1,0,0,0
69906713072633856,0.13570887035633056,0,0,0,0
66818322350220416,0.2077125328659071,0,0,0,0
66852647730267264,0.19567354965585054,0,0,0,0
66863058730966528,0.2690972222222222,0,1,0,1
66957994687842176,0.5824915824915825,1,0,0,0
66982458821495424,0.0,0,0,0,0
67034994860213888,0.20693222969477496,0,0,0,0
67304959325424768,0.023255813953488372,0,0,0,0
68120418994061312,0.2898550724637681,0,0,0,0
68254765570883712,0.2898550724637681,0,0,0,0
68265588889169664,1.0,1,0,0,0
68293729514855040,0.3125,0,0,0,0
68294554148575232,0.127134724857685,0,0,0,0
68296890611072384,0.48358862144420134,0,0,0,0
68506347575444096,1.0,1,0,0,0
68508855836353536,0.002131060202450719,0,0,0,0
68618978798306432,1.0,1,1,0,0
68624613795266432,0.2898550724637681,0,0,0,0
69260990509512192,1.0,1,0,0,0
67527885307288192,0.9897360703812317,1,0,0,0
68334235349446528,0.49222797927461137,0,1,0,0
68458514523905408,0.0,0,0,0,0
69573251811510912,0.002131060202450719,0,0,0,0
69649736589001600,0.24803767660910517,0,0,0,0
69807963184755840,0.9352360043907794,1,0,0,0
69876923179646080,1.0,1,0,0,0
69954713627862528,0.10354223433242507,0,0,0,0
69996976105980800,0.05322128851540616,0,0,0,0
70042743277270016,0.9897360703812317,1,0,0,0
70169251536714624,0.2554945054945055,0,0,0,0
70234882933734400,0.25815217391304346,0,0,0,0
70242785673539712,0.3640939597315436,0,0,0,0
70433241705178240,0.002131060202450719,0,0,0,0
71042641727187968,0.0,0,0,0,0
66546742979468416,0.13570887035633056,0,0,0,0
66648001127514368,0.05322128851540616,0,0,0,0
66671468828544384,1.0,1,1,0,0
66722355601033600,1.0,1,1,1,0
66727234683931520,0.4740882917466411,0,0,0,0
66740497542906368,0.0,0,0,0,0
66771146429454592,0.2828828828828829,0,1,0,1
66779564565300224,0.13570887035633056,0,0,0,0
66786505232432512,0.9060402684563759,1,0,0,0
66802654309459712,0.2874743326488706,0,1,0,0
66942910762588928,0.0,0,0,0,0
66960262430594816,0.2874743326488706,0,0,0,0
67085641114472320,0.05322128851540616,0,0,0,0
67368353043627648,0.2898550724637681,0,0,0,0
68170721650939264,0.13570887035633056,0,0,0,0
68186114813689344,0.6462395543175488,1,0,0,0
68310561489710336,0.2874743326488706,0,0,0,0
68322145018429952,0.48358862144420134,0,0,0,0
68327402058399232,0.9970544918998527,1,0,0,0
69834866859848192,0.127134724857685,0,0,0,0
69837134602589952,0.6462395543175488,1,0,0,0
69948253997063424,0.3125,0,0,0,0
67667935599570432,0.0,0,0,0,0
68129764842889600,0.2690972222222222,0,0,0,0
68175806892217216,0.20693222969477496,0,0,0,0
68310359628169472,0.2554945054945055,0,0,0,0
68325649711754880,1.0,1,1,0,0
68595751615127296,1.0,1,0,0,0
68606918530067072,0.002131060202450719,0,0,0,0
69294010218010240,0.13570887035633056,0,0,0,0
69370941672125184,0.5852017937219731,1,1,0,1
69834763780636672,0.127134724857685,0,0,0,0
69864313155605120,0.3640939597315436,0,1,0,1
69876712724339456,0.49222797927461137,0,0,0,0
69883417170175488,1.0,1,1,0,1
69908156181656576,0.2898550724637681,0,0,0,0
69964879813013248,0.48699763593380613,0,0,0,0
70153484713977472,0.9897360703812317,1,0,0,0
70224643732103680,0.9352360043907794,1,0,0,0
70274190474468864,0.9897360703812317,1,0,0,0
70426782074435584,0.0,0,0,0,0
70457877637565824,0.9352360043907794,1,0,0,0
67747615832673408,0.9352360043907794,1,0,0,0
67920926352940032,1.0,1,0,0,0
68236795427794816,0.9897360703812317,1,0,0,0
68259438496008832,1.0,1,1,0,0
68268165869533568,0.002131060202450719,0,0,0,0
68303487680516224,0.49222797927461137,0,0,0,0
69485978075890176,0.24803767660910517,0,0,0,0
69502298951642496,0.9352360043907794,1,0,0,0
69585140280997760,0.03125,0,0,0,0
70019378655328768,0.2077125328659071,0,0,0,0
70098612211973248,0.9897360703812317,1,0,0,0
70118197262752768,0.20693222969477496,0,0,0,0
70201725786644608,0.05322128851540616,0,0,0,0
70768554094282368,0.0,0,0,0,0
70954307135798912,0.9897360703812317,1,0,0,0
66789872486779520,0.24778761061946902,0,0,0,0
66800180408292992,1.0,1,0,0,0
66807464672814336,1.0,1,0,0,0
66816187748666624,0.2165745856353591,0,1,0,1
66915560410893440,0.0,0,0,0,0
66974453002505088,0.9897360703812317,1,0,0,0
67352066526730240,0.9897360703812317,1,0,0,0
67540495331120128,0.05322128851540616,0,0,0,0
67618285777617664,0.13043478260869565,0,0,0,0
67680850564641792,0.23163841807909605,0,0,0,0
68006241583701888,0.9970544918998527,1,0,0,0
68152820227358720,0.2077125328659071,0,0,0,0
68195598101454336,0.13570887035633056,0,0,0,0
68233531252642432,0.9352360043907794,1,0,0,0
68306099020642432,0.3145780051150895,0,0,0,0
68354374452892160,0.9897360703812317,1,0,0,0
68897842434107392,0.23163841807909605,0,0,0,0
69754155834196224,0.13570887035633056,0,0,0,0
69856272976786560,1.0,1,0,0,0
69898810332838400,0.127134724857685,0,0,0,0
69918979499309952,0.05322128851540616,0,0,0,0
69983369649631872,1.0,1,0,0,0
70129050643128832,0.9970544918998527,1,0,1,0
70215705904150272,0.0,0,0,0,0
66742765285619584,1.0,1,0,0,0
66779358406877568,1.0,1,0,1,0
66799768088857856,0.24803767660910517,0,0,0,0
66832100605159424,0.2690972222222222,0,0,0,0
66846291177113088,1.0,1,0,0,0
66898002584817280,0.9897360703812317,1,0,0,0
66960743466922624,0.6462395543175488,1,0,0,0
67756789882795008,0.9970544918998527,1,0,0,0
68120728231661824,0.127134724857685,0,0,0,0
68141408498321280,0.0,0,0,0,0
68167835432980480,nan,0,0,1,0
68254245878512384,0.2828828828828829,0,0,0,0
68314414077327744,1.0,1,0,0,0
68367190635351936,0.002131060202450719,0,0,0,0
68390830135333504,0.9970544918998527,1,0,0,0
68395399980532864,0.9970544918998527,1,0,0,0
68505110624876032,1.0,1,0,0,0
68559738312482048,0.769650655021834,1,0,0,0
68591456647799552,0.0,0,0,0,0
69122520763444352,0.9970544918998527,1,0,1,0
51694746068624128,0.3640939597315436,0,0,0,0
63430967542044800,0.10354223433242507,0,1,0,0
53227396558316416,1.0,1,0,0,0
53783852522073856,1.0,1,0,0,0
64027143362491008,1.0,1,0,0,0
64064011363520512,0.9897360703812317,1,0,0,0
64066107307543296,0.2554945054945055,0,0,0,0
64078167575681152,1.0,1,0,0,0
64297485783636352,0.9352360043907794,1,0,0,0
64450283540250240,1.0,1,1,0,0
64453887017111808,0.0,0,0,0,0
64588753286083328,0.0,0,0,0,0
64667535869958784,0.002131060202450719,0,0,0,0
64795289673433728,1.0,1,0,0,0
64798691287540224,0.3145780051150895,0,0,0,0
64943758103791104,1.0,1,0,0,0
64971933089093760,0.19567354965585054,0,0,0,0
64987876007763968,0.0,0,0,0,0
64999558318784768,0.9970544918998527,1,0,0,0
65014195567317504,0.9970544918998527,1,0,0,0
65042439271761280,0.2898550724637681,0,0,0,0
65056526764528128,1.0,1,0,0,0
65072435323295872,0.3640939597315436,0,0,0,0
65079788307324672,0.18019480519480519,0,0,0,0
65134592089910656,0.18050541516245489,0,0,0,0
65151531440914560,0.10354223433242507,0,0,0,0
65163110673516928,0.9897360703812317,1,0,0,0
65264506261240448,0.0,0,0,0,0
65285633203088768,0.6462395543175488,1,0,0,0
65467778474649856,0.023255813953488372,0,0,0,0
65588484235454592,0.2165745856353591,0,0,0,0
66009047433698048,0.2898550724637681,0,0,0,0
66161020555461120,0.05322128851540616,0,0,0,0
66445038154189952,0.0,0,0,0,0
66452769091505024,0.2301980198019802,0,0,0,0
66502281478384000,0.3640939597315436,0,1,0,0
66566946505629440,0.03125,0,0,0,0
66570554277316992,0.3640939597315436,0,0,0,0
66612473157921024,1.0,1,0,0,0
66733763034205696,1.0,1,0,0,0
66745170467302656,0.9970544918998527,1,0,0,0
66754241438299520,0.24803767660910517,0,0,0,0
66800244832257280,0.002131060202450719,0,0,0,0
51365476695288064,1.0,1,0,0,0
51391418298186368,0.05322128851540616,0,0,0,0
51497864767442176,1.0,1,0,0,0
63717665199974016,0.6462395543175488,1,0,0,0
64129294866302336,0.05322128851540616,0,0,0,0
64250477365329536,0.33073929961089493,0,0,0,0
64555694921236352,1.0,1,0,0,0
64671903852618624,0.48699763593380613,0,0,0,0
64796045587678208,1.0,1,0,1,0
64808204638390912,0.5386666666666666,1,0,0,0
64840541448791424,0.05322128851540616,0,0,0,0
64899017426872960,0.1971153846153846,0,0,0,0
64438841747360768,0.19567354965585054,0,0,0,0
64642801154268672,1.0,1,0,0,0
64665203703566848,0.6462395543175488,1,0,0,0
64798038452412928,0.18019480519480519,0,0,0,0
64905618794174720,1.0,1,0,0,0
64928674178659968,0.0,0,0,0,0
64940906245415808,0.46190476190476193,0,0,0,0
64959662365552384,0.2165745856353591,0,0,0,0
64990586130069504,0.2165745856353591,0,0,0,0
65084358152509440,0.4740882917466411,0,0,0,0
65153833543386624,0.10354223433242507,0,0,0,0
65232105028172160,0.2690972222222222,0,1,0,1
65254576296865152,0.0,0,0,0,0
65292234570088064,0.3125,0,0,0,0
65297594689312768,1.0,1,0,0,0
65437644983224320,0.3125,0,0,0,0
65576011650237440,0.2201058201058201,0,0,0,0
65641913628380288,0.127134724857685,0,1,0,0
65680499614460800,0.24803767660910517,0,0,0,0
65768151306811904,0.33073929961089493,0,0,0,0
66452734735432192,0.1731748726655348,0,0,0,0
66483795939004416,0.13570887035633056,0,0,0,0
66521381194879232,0.9897360703812317,1,0,1,0
66715105696289024,0.9060402684563759,1,0,1,0
66720294016753280,1.0,1,1,0,0
66763965244167808,0.0,0,0,0,0
66783584654831872,0.9970544918998527,1,0,1,0
66838452861270272,0.2828828828828829,0,0,0,0
66808869124393600,0.49222797927461137,0,0,0,0
67349764424286848,0.9897360703812317,1,0,0,0
67411989910269696,1.0,1,1,0,1
68303728198686080,0.9897360703812317,1,0,0,0
68323966084583680,1.0,1,0,0,0
68348155340347776,0.1731748726655348,0,0,0,0
68395606138958592,0.05322128851540616,0,0,0,0
68468203969427200,0.0,0,0,0,0
69409424578948608,0.9970544918998527,1,0,1,0
69823940463098752,1.0,1,1,0,0
69834282744302208,0.6462395543175488,1,0,0,0
69872044096705664,0.3145780051150895,0,0,0,0
69878503727603072,1.0,1,0,0,0
70114039734416128,1.0,1,1,1,0
70180216590377600,0.023255813953488372,0,0,0,0
64964717544035200,0.33073929961089493,0,0,0,0
64967603762044928,0.0,0,0,0,0
64977705525131904,0.33073929961089493,0,0,0,0
64985127228608128,0.9503105590062112,1,0,0,0
64990349908937984,1.0,1,0,0,0
64990792288875264,0.0,0,0,0,0
65010549138050944,0.25815217391304346,0,0,0,0
65030344643851776,0.23163841807909605,0,1,0,0
65181527493208192,0.9970544918998527,1,0,0,0
65244646332548352,0.18019480519480519,0,0,0,0
65254851174771584,1.0,1,1,0,0
65309100904545280,0.2301980198019802,0,0,0,0
65330099002345216,0.9503105590062112,1,0,0,0
65800930496992512,1.0,1,0,0,0
66481837433947392,0.2165745856353591,0,0,0,0
66499154741977216,0.3640939597315436,0,1,0,0
66542551091588352,1.0,1,0,0,0
66702048996405632,1.0,1,0,0,0
66711532283494656,0.9897360703812317,1,0,0,0
66730120901930240,0.19567354965585054,0,1,0,0
66867800374681344,1.0,1,0,0,0
67376633739588352,1.0,1,0,0,0
67011767677005568,1.0,1,0,0,0
67069835634816896,0.2077125328659071,0,0,0,0
67832346947351424,0.2898550724637681,0,0,0,0
67998201404864896,1.0,1,0,0,0
68168419548529920,0.002131060202450719,0,0,0,0
68174191984522368,0.9897360703812317,1,0,0,0
68322454256073344,0.0,0,0,0,0
68385057699293056,0.002131060202450719,0,0,0,0
68390417818463872,0.2554945054945055,0,0,0,0
68444878003882240,0.1971153846153846,0,0,0,0
68580530251050496,nan,0,0,0,0
70028170451469312,0.25823451910408435,0,0,0,0
70037795475083008,nan,0,0,0,0
70121805035254144,0.2554945054945055,0,0,0,0
70271854012150912,0.05322128851540616,0,0,0,0
67878663874731136,0.18019480519480519,0,0,0,0
68045583484082048,0.2201058201058201,0,0,0,0
68051390279853824,0.19567354965585054,0,0,0,0
68317746971945600,1.0,1,1,1,0
68334617603435648,0.0,0,0,0,0
68828225308044288,0.002131060202450719,0,0,0,0
69400010010608768,0.2201058201058201,0,0,0,0
69643757994608512,0.48358862144420134,0,0,0,0
69942515919994368,0.9352360043907794,1,0,0,0
70097581419826944,0.20693222969477496,0,0,0,0
69854348831573504,1.0,1,0,0,0
69859262274067584,1.0,1,1,1,0
69889876800977408,0.18050541516245489,0,0,0,0
69932276717968512,0.25823451910408435,0,0,0,0
69968113925681408,0.9352360043907794,1,0,0,0
69988489250631680,0.19567354965585054,0,0,0,0
70044456967585280,0.002131060202450719,0,0,0,0
70200935512668800,1.0,1,0,0,0
70252681278085376,0.2690972222222222,0,0,0,0
70948534699826816,0.9352360043907794,1,0,0,0
71723862196809856,0.2898550724637681,0,0,0,0
70077270518065920,0.13570887035633056,0,0,0,0
70088819686490496,1.0,1,1,0,0
70123003329050880,0.002131060202450719,0,0,0,0
70189837317110016,0.05322128851540616,0,0,0,0
71078483230315520,0.20693222969477496,0,0,0,0
71161771235981312,0.2077125328659071,0,0,0,0
117672075163287680,1.0,1,0,0,0
70150357977789056,1.0,1,0,0,0
70248180152474368,1.0,1,1,1,0
71216093982249984,1.0,1,0,0,0
71377000637253504,0.19567354965585054,0,1,0,0
70457671479120000,0.9897360703812317,1,0,0,0
70506874624338176,0.3640939597315436,0,1,0,0
71042439864623104,0.19567354965585054,0,0,0,0
71452282823829632,0.0,0,0,0,0
117857755189714048,0.20693222969477496,0,0,0,0
70125000491024128,0.23163841807909605,0,0,0,0
70426507196531456,0.19567354965585054,0,0,0,0
71021927100882560,0.25823451910408435,0,0,0,0
70072773688658432,0.2077125328659071,0,0,0,0
70310027681371648,nan,0,0,0,0
71404385348752768,1.0,1,0,0,0
69819404977607168,0.3650107991360691,0,1,0,0
69917635172718720,0.23163841807909605,0,0,0,0
69935162935991168,0.24803767660910517,0,0,0,0
70127955428529536,0.9352360043907794,1,0,0,0
70847512772943488,0.0,0,0,0,0
71262410909499264,1.0,1,0,1,0
71309655549854080,1.0,1,0,1,0
71371262561007232,0.2874743326488706,0,0,0,0
119400851039785600,1.0,1,0,0,0
71409985986006016,0.20693222969477496,0,0,0,0
117669120225730048,1.0,1,0,1,0
71207710206088192,0.9970544918998527,1,0,0,0
163355546348513152,1.0,1,0,0,0
70334384440377472,0.05322128851540616,0,0,0,0
70404894921335936,1.0,1,0,1,0
71079441007018880,1.0,1,0,0,0
70158977974956672,0.2554945054945055,0,0,0,0
70165476262750976,0.9970544918998527,1,0,0,0
70356580830628864,0.2898550724637681,0,0,0,0
70493268167993984,0.18019480519480519,0,0,0,0
71202831123254272,1.0,1,0,1,0
71351883668034048,0.19567354965585054,0,0,0,0
71917685480203136,0.9352360043907794,1,0,0,0
117874110425255424,1.0,1,1,0,0
69812945346809600,0.31221719457013575,0,0,0,0
69847610026687104,0.1971153846153846,0,0,0,0
69877163697813248,0.10354223433242507,0,0,0,0
69898294936767488,0.0,0,0,0,0
69904101732529408,0.3640939597315436,0,0,0,0
69906571336964608,0.25815217391304346,0,0,0,0
70129913933603328,0.2898550724637681,0,0,0,0
71100404743364992,0.05322128851540616,0,0,0,0
71103428400426368,0.6462395543175488,1,0,0,0
71108440625265280,0.0,0,0,0,0
71296667568555904,1.0,1,0,1,0
70461554129560448,0.2165745856353591,0,0,0,0
70495707709395584,0.05322128851540616,0,0,0,0
71873842454589568,0.0625,0,0,0,0
119520079331712896,0.25815217391304346,0,0,0,0
